FechaHoraEnvio,Asunto,DominioRemitente,PalabrasPremios,TerminosFinancieros,CantidadDestinatarios,TieneEmojis,PalabrasMalEscritas,CantidadEnlaces,EnlacesAcortados,EventosEspecificos,TipodeCorreo
2025-01-10 23:27:18,Rebajas extremas en Black Friday,aol.com,0,0,22,0,0,0,San Valentín,SPAM
2024-10-12 13:28:25,Rebajas extremas en Black Friday,hotmail.com,1,0,34,1,2,0,Ninguno,SPAM
2025-02-10 20:29:10,Agenda de la reunión semanal,amazon.com,0,0,1,0,0,0,Ninguno,HAM
2024-12-19 11:41:20,Reunión programada para mañana,lottery-win.org,0,0,2,0,2,0,Ninguno,HAM
2025-06-22 06:22:42,Agenda de actividades institucionales,cheaploans.biz,0,0,4,0,1,0,Ninguno,HAM
2024-09-02 23:35:46,Trabajo desde casa y gana miles,yahoo.com,1,1,12,0,6,1,Ninguno,SPAM
2025-08-22 23:23:31,Aumenta tus ingresos en una semana,protonmail.com,0,0,16,1,0,0,Ninguno,SPAM
2025-06-19 17:08:26,Tu tarjeta será desactivada pronto,amazon.com,1,1,30,0,4,0,Ninguno,SPAM
2024-12-03 13:40:19,Informe financiero del trimestre,getrichfast.info,0,0,5,0,2,0,Ninguno,HAM
2025-03-25 06:02:13,Informe financiero del trimestre,google.com,0,0,3,0,1,0,Ninguno,HAM
2025-02-03 04:49:06,Última oportunidad para ganar,freemoney.biz,1,0,38,0,9,0,Navidad,SPAM
2025-05-03 16:30:44,Actualización de políticas internas,microsoft.com,0,0,1,0,0,0,Ninguno,HAM
2025-08-02 06:25:34,Agenda de actividades institucionales,meta.com,0,0,2,0,1,0,Año Nuevo,HAM
2024-12-05 14:42:48,Consigue pastillas milagrosas,gmail.com,1,0,21,1,2,0,Ninguno,SPAM
2025-03-31 11:21:54,Rebajas extremas en Black Friday,lottery-win.org,1,1,38,1,10,1,Ninguno,SPAM
2025-07-14 13:11:17,Agenda de actividades institucionales,microsoft.com,0,0,4,0,1,0,Ninguno,HAM
2025-04-19 04:57:13,Entrega de calificaciones,microsoft.com,0,0,2,0,0,0,San Valentín,HAM
2024-11-04 16:35:25,Última oportunidad para ganar,apple.com,1,1,23,1,0,0,Ninguno,SPAM
2024-11-05 15:16:37,Tu tarjeta será desactivada pronto,aol.com,0,0,32,0,6,0,Ninguno,SPAM
2025-03-23 14:50:17,Última oportunidad para ganar,gmx.com,0,1,43,0,2,0,Ninguno,SPAM
2025-05-27 03:56:39,Oferta limitada: préstamos inmediatos,spamdomain.ru,0,0,48,0,6,0,Año Nuevo,SPAM
2024-10-22 14:49:55,Agenda de la reunión semanal,spamdomain.ru,0,0,1,0,1,0,Ninguno,HAM
2025-08-28 17:49:31,Viaja gratis con esta promoción,hotmail.com,1,0,48,0,4,0,Navidad,SPAM
2025-07-22 05:15:36,Entrega del proyecto,gmx.com,0,0,4,0,0,0,Ninguno,HAM
2025-08-11 11:17:14,Agenda de actividades institucionales,nasa.gov,0,0,2,0,2,0,Ninguno,HAM
2025-08-14 01:30:54,Actualización de políticas internas,outlook.com,0,0,3,0,0,0,Ninguno,HAM
2024-10-28 15:06:35,Consigue pastillas milagrosas,gmail.com,1,0,15,0,1,0,Ninguno,SPAM
2024-11-22 18:23:54,Horario de examen final,icloud.com,0,0,5,0,2,0,Navidad,HAM
2024-12-27 05:17:14,Aviso de mantenimiento programado,google.com,0,0,5,0,1,0,Ninguno,HAM
2025-08-27 16:23:48,Tu tarjeta será desactivada pronto,click-now.cc,1,1,48,0,0,0,Black Friday,SPAM
2025-03-03 10:22:48,Tu tarjeta será desactivada pronto,fakebank.cn,0,1,49,1,5,1,Ninguno,SPAM
2025-03-04 11:05:27,Invierte en criptomonedas ahora,fakebank.cn,1,1,7,1,7,1,Ninguno,SPAM
2024-11-23 02:13:39,Viaja gratis con esta promoción,spamdomain.ru,0,1,16,1,6,0,Ninguno,SPAM
2024-10-31 19:02:15,Informe mensual adjunto,ibm.com,0,0,5,0,0,0,Ninguno,HAM
2025-01-13 15:43:24,Consigue pastillas milagrosas,who.int,1,1,44,0,8,0,Ninguno,SPAM
2025-06-30 12:41:01,Horario de examen final,gmail.com,0,0,2,0,1,0,Ninguno,HAM
2025-02-14 02:40:50,Oferta limitada: préstamos inmediatos,lottery-win.org,0,1,36,1,1,1,Ninguno,SPAM
2025-08-12 12:49:10,Reclama tu premio ahora,zoho.com,1,1,47,0,0,0,Ninguno,SPAM
2025-06-09 23:06:15,Horario de examen final,prizescam.net,0,0,2,0,0,0,Ninguno,HAM
2025-02-22 00:57:58,Aviso de mantenimiento programado,yahoo.com,0,0,5,0,2,0,Ninguno,HAM
2024-10-22 04:43:26,Tu tarjeta será desactivada pronto,lottery-win.org,0,0,43,0,2,0,Año Nuevo,SPAM
2025-04-18 07:22:59,Invierte en criptomonedas ahora,offersfree.tk,0,0,45,1,6,0,Navidad,SPAM
2024-09-23 20:24:32,Horario de examen final,offersfree.tk,0,0,2,0,0,0,Ninguno,HAM
2025-06-15 19:01:55,Horario de examen final,offersfree.tk,0,0,1,0,0,0,Black Friday,HAM
2025-07-13 17:51:02,Disponibilidad de sala para reunión,offersfree.tk,0,0,2,0,1,0,Ninguno,HAM
2025-01-11 23:37:39,Agenda de actividades institucionales,gmail.com,0,0,3,0,0,0,Black Friday,HAM
2025-03-08 22:15:01,Actualización de políticas internas,who.int,0,0,2,0,2,0,Ninguno,HAM
2025-08-01 17:33:21,Reclama tu premio ahora,zoho.com,0,0,43,1,7,1,Ninguno,SPAM
2024-12-29 18:18:00,Horario de examen final,google.com,0,0,4,0,0,0,Black Friday,HAM
2025-05-15 13:34:36,Click aquí para reclamar tu herencia,outlook.com,1,0,25,1,0,0,Navidad,SPAM
2025-04-30 15:56:06,¡Ganaste un iPhone gratis!,spamdomain.ru,1,1,16,1,0,1,Ninguno,SPAM
2024-08-31 09:40:15,Invierte en criptomonedas ahora,gmail.com,0,1,32,0,8,1,Ninguno,SPAM
2025-06-21 13:02:10,Oferta limitada: préstamos inmediatos,microsoft.com,0,1,46,1,1,1,Año Nuevo,SPAM
2024-10-27 19:51:56,Horario de examen final,click-now.cc,0,0,4,0,2,0,Ninguno,HAM
2024-10-24 23:53:29,¡Tu cuenta bancaria fue bloqueada!,getrichfast.info,0,0,1,0,2,0,Ninguno,SPAM
2024-11-24 11:29:12,Agenda de la reunión semanal,gmx.com,0,0,3,0,2,0,Ninguno,HAM
2024-08-30 20:13:06,Rebajas extremas en Black Friday,amazon.com,1,0,22,1,5,0,Ninguno,SPAM
2025-04-28 21:32:19,Invitación a conferencia académica,lottery-win.org,0,0,3,0,2,0,Año Nuevo,HAM
2024-10-10 05:37:24,Agenda de actividades institucionales,click-now.cc,0,0,5,0,0,0,Navidad,HAM
2025-02-10 20:56:38,Rebajas extremas en Black Friday,google.com,1,1,45,0,5,0,Ninguno,SPAM
2025-05-03 10:35:18,Invierte en criptomonedas ahora,outlook.com,1,1,28,1,1,0,Ninguno,SPAM
2025-08-04 08:23:36,Reclama tu premio ahora,click-now.cc,1,1,31,0,3,0,Ninguno,SPAM
2025-01-29 22:44:14,Aviso de mantenimiento programado,google.com,0,0,1,0,1,0,Ninguno,HAM
2025-02-25 05:33:59,Aumenta tus ingresos en una semana,click-now.cc,0,1,36,1,9,1,Navidad,SPAM
2025-01-21 13:21:36,Trabajo desde casa y gana miles,who.int,0,1,1,0,5,1,Black Friday,SPAM
2024-12-28 19:55:34,Actualización de políticas internas,microsoft.com,0,0,2,0,2,0,Ninguno,HAM
2025-06-12 03:46:06,Trabajo desde casa y gana miles,cheaploans.biz,0,0,7,0,0,0,Ninguno,SPAM
2025-03-27 09:10:30,Reclama tu premio ahora,protonmail.com,0,1,19,0,3,0,Ninguno,SPAM
2024-12-28 12:24:42,Aviso de mantenimiento programado,spamdomain.ru,0,0,5,0,1,0,Año Nuevo,HAM
2025-04-07 07:18:09,Informe financiero del trimestre,fakebank.cn,0,0,1,0,1,0,Ninguno,HAM
2025-01-12 02:13:03,Informe financiero del trimestre,fakebank.cn,0,0,4,0,1,0,Ninguno,HAM
2024-12-23 08:54:49,Consigue pastillas milagrosas,google.com,0,1,47,0,8,0,Ninguno,SPAM
2025-08-12 04:56:55,Cambio de horario en la clase,click-now.cc,0,0,5,0,0,0,Ninguno,HAM
2025-03-10 07:01:30,Aviso de mantenimiento programado,aol.com,0,0,1,0,0,0,Ninguno,HAM
2025-07-19 13:59:31,Oferta exclusiva solo hoy,icloud.com,0,0,4,1,6,0,Ninguno,SPAM
2025-04-22 16:49:30,Horario de examen final,ibm.com,0,0,3,0,0,0,Año Nuevo,HAM
2025-03-21 02:16:36,Última oportunidad para ganar,nasa.gov,1,0,18,0,0,0,Black Friday,SPAM
2025-08-08 17:56:12,Invierte en criptomonedas ahora,aol.com,0,1,26,1,10,0,Año Nuevo,SPAM
2025-02-03 14:59:13,Entrega del proyecto,nasa.gov,0,0,4,0,1,0,Ninguno,HAM
2024-10-10 07:21:29,Rebajas extremas en Black Friday,amazon.com,1,0,42,0,2,1,Ninguno,SPAM
2024-10-26 22:13:36,Entrega de calificaciones,yahoo.com,0,0,4,0,1,0,Ninguno,HAM
2025-03-14 02:43:33,Tu tarjeta será desactivada pronto,gmail.com,1,1,18,0,5,1,Ninguno,SPAM
2025-01-08 13:27:30,Reunión programada para mañana,freemoney.biz,0,0,3,0,2,0,Ninguno,HAM
2025-03-27 13:46:05,Recordatorio de la clase de hoy,gmail.com,0,0,5,0,1,0,Año Nuevo,HAM
2024-12-06 23:53:15,Recordatorio de la clase de hoy,gmail.com,0,0,2,0,1,0,Año Nuevo,HAM
2025-07-20 00:17:21,Rebajas extremas en Black Friday,spamdomain.ru,1,1,39,0,3,1,Ninguno,SPAM
2025-02-23 20:22:20,Agenda de actividades institucionales,ibm.com,0,0,4,0,0,0,Año Nuevo,HAM
2025-01-19 20:07:01,Agenda de actividades institucionales,ibm.com,0,0,5,0,0,0,Ninguno,HAM
2024-12-13 04:00:43,Click aquí para reclamar tu herencia,tesla.com,0,1,2,1,0,0,Ninguno,SPAM
2025-01-09 02:24:41,Invitación a conferencia académica,click-now.cc,0,0,2,0,1,0,Ninguno,HAM
2025-04-02 02:20:03,Reclama tu premio ahora,spamdomain.ru,1,0,1,0,7,0,San Valentín,SPAM
2025-03-13 07:47:24,Consigue pastillas milagrosas,yahoo.com,1,1,11,0,3,0,Ninguno,SPAM
2024-10-03 13:10:20,Descuento del 90% en relojes de lujo,who.int,1,0,35,1,4,1,Ninguno,SPAM
2025-02-05 09:19:03,Entrega del proyecto,yahoo.com,0,0,1,0,0,0,Ninguno,HAM
2025-08-22 12:07:45,Confirmación de inscripción al curso,apple.com,0,0,5,0,1,0,Ninguno,HAM
2025-05-01 18:26:32,Recordatorio de la clase de hoy,icloud.com,0,0,1,0,0,0,Ninguno,HAM
2025-01-14 00:37:43,Descuento del 90% en relojes de lujo,gmail.com,0,0,25,0,2,0,Ninguno,SPAM
2025-08-26 01:15:59,Aumenta tus ingresos en una semana,click-now.cc,1,0,2,0,6,0,Ninguno,SPAM
2025-08-16 03:54:14,Oferta limitada: préstamos inmediatos,zoho.com,1,0,42,0,0,0,Navidad,SPAM
2025-02-27 00:45:52,Click aquí para reclamar tu herencia,prizescam.net,0,1,3,1,9,0,Ninguno,SPAM
2025-03-20 01:52:41,Rebajas extremas en Black Friday,amazon.com,1,0,11,1,2,0,Ninguno,SPAM
2025-03-15 21:20:15,Rebajas extremas en Black Friday,spamdomain.ru,1,1,41,0,3,0,Ninguno,SPAM
2025-08-18 20:12:38,Consigue pastillas milagrosas,freemoney.biz,1,1,34,1,3,0,Ninguno,SPAM
2025-07-23 11:34:00,Última oportunidad para ganar,offersfree.tk,1,0,25,1,9,0,Ninguno,SPAM
2025-02-20 22:26:35,Actualización de políticas internas,click-now.cc,0,0,5,0,0,0,Ninguno,HAM
2025-03-29 15:55:45,Informe mensual adjunto,outlook.com,0,0,5,0,1,0,Ninguno,HAM
2024-09-09 21:15:50,Tu tarjeta será desactivada pronto,tesla.com,1,0,44,1,3,1,Ninguno,SPAM
2025-05-24 02:01:16,Aviso de mantenimiento programado,freemoney.biz,0,0,4,0,2,0,Ninguno,HAM
2025-03-08 21:26:01,Trabajo desde casa y gana miles,aol.com,0,0,30,0,7,1,Ninguno,SPAM
2025-07-23 06:53:39,Agenda de la reunión semanal,getrichfast.info,0,0,4,0,0,0,Black Friday,HAM
2025-02-09 19:16:59,Rebajas extremas en Black Friday,meta.com,0,0,15,0,3,1,Ninguno,SPAM
2025-05-10 08:23:39,Entrega de calificaciones,ibm.com,0,0,1,0,0,0,Ninguno,HAM
2024-09-03 01:28:34,Tu tarjeta será desactivada pronto,gmail.com,0,1,31,0,0,0,Ninguno,SPAM
2025-06-19 00:41:27,Aumenta tus ingresos en una semana,aol.com,1,1,37,1,6,1,Ninguno,SPAM
2025-05-08 21:39:57,Agenda de la reunión semanal,who.int,0,0,1,0,2,0,Ninguno,HAM
2025-07-14 13:31:41,Última oportunidad para ganar,ibm.com,1,1,39,1,0,0,Ninguno,SPAM
2024-12-03 17:42:41,Última oportunidad para ganar,lottery-win.org,1,1,45,1,9,0,Ninguno,SPAM
2025-01-07 09:46:41,Informe mensual adjunto,gmail.com,0,0,2,0,1,0,Ninguno,HAM
2025-01-05 16:24:18,Cambio de horario en la clase,apple.com,0,0,5,0,1,0,Ninguno,HAM
2025-01-09 00:46:58,Viaja gratis con esta promoción,amazon.com,1,1,47,1,0,0,San Valentín,SPAM
2024-09-11 08:57:07,Entrega del proyecto,lottery-win.org,0,0,3,0,2,0,Ninguno,HAM
2025-07-14 11:53:47,Horario de examen final,amazon.com,0,0,3,0,1,0,Ninguno,HAM
2024-11-04 21:27:01,Entrega del proyecto,google.com,0,0,4,0,1,0,Año Nuevo,HAM
2025-06-18 07:25:17,Aviso de mantenimiento programado,amazon.com,0,0,2,0,0,0,Ninguno,HAM
2025-04-03 14:47:24,Recordatorio de la clase de hoy,spamdomain.ru,0,0,1,0,2,0,San Valentín,HAM
2024-10-12 01:35:49,Invierte en criptomonedas ahora,who.int,0,1,49,0,0,1,Ninguno,SPAM
2025-06-22 15:46:45,Trabajo desde casa y gana miles,freemoney.biz,0,0,17,1,5,1,Ninguno,SPAM
2025-02-13 18:51:18,Actualización de políticas internas,spamdomain.ru,0,0,1,0,1,0,Ninguno,HAM
2024-11-12 05:31:11,Reunión programada para mañana,aol.com,0,0,3,0,0,0,Ninguno,HAM
2025-01-27 13:30:17,Cambio de horario en la clase,amazon.com,0,0,1,0,1,0,Ninguno,HAM
2025-04-22 00:03:34,Oferta exclusiva solo hoy,hotmail.com,0,1,42,0,3,1,Ninguno,SPAM
2024-10-09 15:06:37,Entrega del proyecto,cheaploans.biz,0,0,1,0,2,0,Ninguno,HAM
2024-11-10 07:26:03,Entrega de calificaciones,meta.com,0,0,5,0,2,0,Ninguno,HAM
2025-02-21 19:56:25,Trabajo desde casa y gana miles,outlook.com,1,1,22,1,2,0,Ninguno,SPAM
2024-09-22 12:29:24,Horario de examen final,apple.com,0,0,4,0,0,0,Ninguno,HAM
2025-01-11 22:07:46,Entrega del proyecto,meta.com,0,0,5,0,1,0,San Valentín,HAM
2025-05-23 07:47:25,Aviso de mantenimiento programado,aol.com,0,0,4,0,2,0,Black Friday,HAM
2025-03-28 09:58:42,Viaja gratis con esta promoción,microsoft.com,1,1,36,0,8,1,Ninguno,SPAM
2024-10-14 15:56:36,Recordatorio de la clase de hoy,who.int,0,0,4,0,1,0,Black Friday,HAM
2024-12-18 20:32:11,Cambio de horario en la clase,outlook.com,0,0,3,0,0,0,Ninguno,HAM
2024-09-06 13:37:13,Actualización de políticas internas,getrichfast.info,0,0,5,0,0,0,Ninguno,HAM
2025-07-08 18:45:20,Invitación a conferencia académica,google.com,0,0,3,0,0,0,San Valentín,HAM
2025-02-11 08:20:55,¡Ganaste un iPhone gratis!,amazon.com,1,0,3,1,0,0,Ninguno,SPAM
2024-09-24 06:43:55,Agenda de la reunión semanal,lottery-win.org,0,0,3,0,0,0,Ninguno,HAM
2025-07-11 19:45:20,Horario de examen final,spamdomain.ru,0,0,4,0,1,0,Ninguno,HAM
2025-05-22 14:20:57,Agenda de la reunión semanal,gmail.com,0,0,3,0,1,0,Ninguno,HAM
2024-12-01 13:51:18,Invitación a conferencia académica,outlook.com,0,0,1,0,1,0,Ninguno,HAM
2025-02-04 08:41:06,Cambio de horario en la clase,gmail.com,0,0,2,0,1,0,Ninguno,HAM
2024-11-19 01:25:21,Rebajas extremas en Black Friday,fakebank.cn,0,0,45,0,2,0,Ninguno,SPAM
2024-09-16 08:35:04,Recordatorio de la clase de hoy,gmx.com,0,0,2,0,1,0,Ninguno,HAM
2025-05-22 14:30:21,Informe financiero del trimestre,hotmail.com,0,0,5,0,1,0,Ninguno,HAM
2025-01-03 20:00:35,Agenda de actividades institucionales,gmx.com,0,0,1,0,1,0,Ninguno,HAM
2025-04-12 00:57:25,Entrega del proyecto,nasa.gov,0,0,4,0,0,0,Ninguno,HAM
2024-11-25 01:39:11,Rebajas extremas en Black Friday,apple.com,1,0,29,0,9,1,Ninguno,SPAM
2025-03-11 20:23:35,Descuento del 90% en relojes de lujo,amazon.com,0,0,47,0,0,0,Ninguno,SPAM
2025-05-06 23:27:42,Oferta exclusiva solo hoy,apple.com,1,0,49,1,0,0,Ninguno,SPAM
2025-02-04 01:56:01,Informe financiero del trimestre,ibm.com,0,0,2,0,0,0,Ninguno,HAM
2025-03-03 01:33:15,Trabajo desde casa y gana miles,yahoo.com,1,0,18,1,9,0,Ninguno,SPAM
2025-07-31 21:51:03,Rebajas extremas en Black Friday,click-now.cc,1,1,31,0,2,0,Ninguno,SPAM
2024-09-01 09:24:39,Descuento del 90% en relojes de lujo,offersfree.tk,1,0,46,0,7,0,Ninguno,SPAM
2025-04-23 20:01:07,Disponibilidad de sala para reunión,tesla.com,0,0,3,0,2,0,Ninguno,HAM
2025-04-26 05:33:39,Tu tarjeta será desactivada pronto,nasa.gov,1,0,28,1,9,0,Año Nuevo,SPAM
2024-10-06 19:23:24,Aviso de mantenimiento programado,icloud.com,0,0,3,0,0,0,Ninguno,HAM
2025-05-06 13:12:31,Rebajas extremas en Black Friday,prizescam.net,1,0,24,0,8,0,San Valentín,SPAM
2025-08-22 05:55:47,Cambio de horario en la clase,apple.com,0,0,1,0,2,0,Ninguno,HAM
2025-03-05 23:03:10,Click aquí para reclamar tu herencia,microsoft.com,1,0,5,0,10,0,Ninguno,SPAM
2024-11-09 13:18:54,Viaja gratis con esta promoción,offersfree.tk,1,0,50,1,2,1,Ninguno,SPAM
2025-04-28 03:26:18,Oferta limitada: préstamos inmediatos,protonmail.com,1,0,11,0,4,0,Black Friday,SPAM
2025-04-06 04:08:20,Informe financiero del trimestre,outlook.com,0,0,4,0,1,0,Ninguno,HAM
2024-09-15 06:46:01,Trabajo desde casa y gana miles,google.com,1,1,47,1,10,1,Black Friday,SPAM
2025-08-09 18:05:52,Entrega del proyecto,amazon.com,0,0,2,0,2,0,Ninguno,HAM
2025-07-30 05:53:21,Confirmación de inscripción al curso,tesla.com,0,0,5,0,1,0,Ninguno,HAM
2025-03-22 21:13:46,Tu tarjeta será desactivada pronto,icloud.com,1,0,2,0,0,0,Ninguno,SPAM
2024-12-27 22:13:07,Oferta exclusiva solo hoy,click-now.cc,1,1,23,1,2,1,Ninguno,SPAM
2025-08-23 15:39:47,Descuento del 90% en relojes de lujo,icloud.com,0,0,14,0,5,0,Ninguno,SPAM
2025-07-18 06:48:48,Recordatorio de la clase de hoy,gmx.com,0,0,5,0,2,0,Ninguno,HAM
2024-08-30 21:29:05,Trabajo desde casa y gana miles,who.int,1,0,32,1,7,0,Ninguno,SPAM
2024-11-01 16:50:38,Rebajas extremas en Black Friday,microsoft.com,0,1,50,0,8,1,Navidad,SPAM
2024-09-24 11:19:13,Tu tarjeta será desactivada pronto,meta.com,0,0,17,0,7,0,Black Friday,SPAM
2024-12-09 14:40:03,Entrega del proyecto,cheaploans.biz,0,0,4,0,2,0,Ninguno,HAM
2024-09-04 13:41:10,Última oportunidad para ganar,spamdomain.ru,1,0,14,0,2,0,Ninguno,SPAM
2025-03-31 05:05:20,Entrega del proyecto,apple.com,0,0,3,0,1,0,Año Nuevo,HAM
2024-09-02 20:28:26,¡Ganaste un iPhone gratis!,fakebank.cn,1,1,33,0,10,1,Black Friday,SPAM
2025-07-11 03:09:58,Entrega del proyecto,yahoo.com,0,0,4,0,1,0,Ninguno,HAM
2025-05-13 03:46:29,Consigue pastillas milagrosas,outlook.com,1,1,50,0,2,0,Ninguno,SPAM
2025-07-04 23:45:15,Horario de examen final,hotmail.com,0,0,4,0,0,0,Ninguno,HAM
2025-07-25 13:27:44,Consigue pastillas milagrosas,fakebank.cn,1,1,45,1,6,0,Ninguno,SPAM
2024-12-11 04:20:57,Recordatorio de la clase de hoy,freemoney.biz,0,0,4,0,2,0,Ninguno,HAM
2025-05-29 17:27:46,Oferta exclusiva solo hoy,gmx.com,1,0,17,0,7,0,Ninguno,SPAM
2024-10-21 16:37:03,Cambio de horario en la clase,gmx.com,0,0,5,0,1,0,Navidad,HAM
2025-06-30 14:43:40,Oferta exclusiva solo hoy,nasa.gov,0,1,42,0,8,0,Black Friday,SPAM
2024-10-20 00:52:15,Cambio de horario en la clase,tesla.com,0,0,4,0,2,0,Ninguno,HAM
2025-01-27 16:29:36,Entrega del proyecto,aol.com,0,0,4,0,2,0,Ninguno,HAM
2025-07-11 11:55:05,Informe mensual adjunto,microsoft.com,0,0,3,0,2,0,Ninguno,HAM
2024-09-28 18:52:52,Reunión programada para mañana,freemoney.biz,0,0,5,0,1,0,Ninguno,HAM
2024-10-15 03:56:06,Agenda de actividades institucionales,gmail.com,0,0,5,0,1,0,Ninguno,HAM
2024-12-16 14:37:16,Oferta limitada: préstamos inmediatos,nasa.gov,1,0,36,0,9,1,Ninguno,SPAM
2024-10-18 00:05:38,Cambio de horario en la clase,icloud.com,0,0,2,0,1,0,Año Nuevo,HAM
2024-09-10 06:39:04,Entrega del proyecto,amazon.com,0,0,1,0,1,0,Black Friday,HAM
2025-08-09 10:18:12,Cambio de horario en la clase,prizescam.net,0,0,5,0,2,0,Ninguno,HAM
2024-11-04 03:00:22,Actualización de políticas internas,meta.com,0,0,1,0,2,0,Ninguno,HAM
2025-05-14 20:25:59,Oferta exclusiva solo hoy,cheaploans.biz,0,1,3,0,5,1,Ninguno,SPAM
2025-05-21 23:39:12,Consigue pastillas milagrosas,who.int,0,1,5,0,7,0,Ninguno,SPAM
2025-05-17 01:36:37,Cambio de horario en la clase,outlook.com,0,0,4,0,0,0,Ninguno,HAM
2024-10-05 00:22:35,Horario de examen final,protonmail.com,0,0,5,0,0,0,Año Nuevo,HAM
2025-07-07 17:50:54,Invierte en criptomonedas ahora,apple.com,1,1,14,0,7,0,Ninguno,SPAM
2025-05-08 08:19:38,Confirmación de inscripción al curso,zoho.com,0,0,5,0,1,0,Año Nuevo,HAM
2025-05-10 10:19:20,Invierte en criptomonedas ahora,lottery-win.org,0,0,3,1,3,1,Ninguno,SPAM
2025-01-30 14:43:21,Descuento del 90% en relojes de lujo,protonmail.com,0,0,28,0,3,0,Ninguno,SPAM
2024-10-20 14:32:17,Confirmación de inscripción al curso,google.com,0,0,4,0,0,0,Black Friday,HAM
2025-04-30 12:17:50,¡Tu cuenta bancaria fue bloqueada!,zoho.com,0,0,39,0,10,0,Ninguno,SPAM
2025-02-07 05:57:51,Entrega de calificaciones,tesla.com,0,0,2,0,2,0,Ninguno,HAM
2025-08-29 10:37:19,Informe mensual adjunto,aol.com,0,0,3,0,0,0,Ninguno,HAM
2024-10-16 17:54:59,Consigue pastillas milagrosas,protonmail.com,1,1,31,1,3,1,Ninguno,SPAM
2025-01-29 09:41:25,Descuento del 90% en relojes de lujo,meta.com,0,1,19,1,8,1,Ninguno,SPAM
2025-02-08 09:02:22,Click aquí para reclamar tu herencia,who.int,1,1,11,0,7,1,San Valentín,SPAM
2025-05-14 11:25:20,Última oportunidad para ganar,protonmail.com,1,0,22,1,3,0,Black Friday,SPAM
2024-10-31 11:09:45,Informe mensual adjunto,microsoft.com,0,0,2,0,0,0,Ninguno,HAM
2025-05-16 13:00:27,Tu tarjeta será desactivada pronto,apple.com,0,1,41,1,7,0,Black Friday,SPAM
2025-06-27 00:47:33,Actualización de políticas internas,click-now.cc,0,0,1,0,2,0,Ninguno,HAM
2025-07-19 07:21:17,Reunión programada para mañana,gmail.com,0,0,4,0,2,0,Ninguno,HAM
2024-09-23 23:07:33,Horario de examen final,who.int,0,0,4,0,0,0,Black Friday,HAM
2024-12-07 05:19:50,Aumenta tus ingresos en una semana,who.int,0,0,27,0,0,0,Ninguno,SPAM
2025-08-06 20:39:05,Entrega del proyecto,getrichfast.info,0,0,2,0,0,0,Ninguno,HAM
2025-04-13 19:55:58,Trabajo desde casa y gana miles,nasa.gov,0,1,22,0,9,0,Ninguno,SPAM
2025-02-05 12:30:01,Agenda de la reunión semanal,prizescam.net,0,0,5,0,2,0,Ninguno,HAM
2025-08-02 01:15:30,Consigue pastillas milagrosas,zoho.com,1,1,7,1,0,0,Ninguno,SPAM
2024-09-17 14:10:55,Aumenta tus ingresos en una semana,spamdomain.ru,0,0,19,0,7,1,Ninguno,SPAM
2025-08-17 00:42:17,Trabajo desde casa y gana miles,meta.com,1,0,31,0,4,1,Ninguno,SPAM
2025-03-10 09:21:52,Horario de examen final,microsoft.com,0,0,4,0,2,0,Año Nuevo,HAM
2024-09-14 16:26:43,Cambio de horario en la clase,freemoney.biz,0,0,2,0,2,0,Ninguno,HAM
2025-04-06 20:21:59,Horario de examen final,tesla.com,0,0,3,0,1,0,San Valentín,HAM
2025-05-06 01:33:40,¡Ganaste un iPhone gratis!,fakebank.cn,1,1,42,0,1,1,Ninguno,SPAM
2025-02-22 09:56:38,Reclama tu premio ahora,yahoo.com,1,1,41,0,3,0,Ninguno,SPAM
2025-01-12 09:45:17,Invitación a conferencia académica,lottery-win.org,0,0,2,0,2,0,Ninguno,HAM
2025-08-18 15:33:17,Cambio de horario en la clase,meta.com,0,0,5,0,2,0,Ninguno,HAM
2025-08-27 21:17:34,Rebajas extremas en Black Friday,click-now.cc,1,1,20,1,1,0,Ninguno,SPAM
2025-04-28 20:53:57,Confirmación de inscripción al curso,amazon.com,0,0,3,0,2,0,Navidad,HAM
2024-09-08 07:37:07,Consigue pastillas milagrosas,lottery-win.org,1,1,36,0,3,0,Ninguno,SPAM
2024-11-23 20:25:40,Trabajo desde casa y gana miles,protonmail.com,0,0,13,1,1,0,Ninguno,SPAM
2024-10-26 19:56:19,Reunión programada para mañana,amazon.com,0,0,1,0,1,0,Ninguno,HAM
2025-01-02 06:32:44,Agenda de la reunión semanal,fakebank.cn,0,0,5,0,1,0,Ninguno,HAM
2025-07-27 08:22:19,Cambio de horario en la clase,gmx.com,0,0,5,0,0,0,San Valentín,HAM
2025-04-24 21:36:03,Oferta exclusiva solo hoy,zoho.com,0,1,23,0,4,0,Ninguno,SPAM
2025-04-22 11:17:03,Reclama tu premio ahora,tesla.com,1,1,43,1,6,0,Ninguno,SPAM
2025-02-26 16:22:13,Informe mensual adjunto,gmx.com,0,0,5,0,1,0,Ninguno,HAM
2025-04-30 06:44:22,Reclama tu premio ahora,prizescam.net,0,0,47,0,2,0,Ninguno,SPAM
2025-05-26 07:26:40,Viaja gratis con esta promoción,click-now.cc,0,1,22,0,8,1,Ninguno,SPAM
2024-10-31 12:41:15,Recordatorio de la clase de hoy,outlook.com,0,0,3,0,0,0,Ninguno,HAM
2025-03-19 14:27:28,Oferta limitada: préstamos inmediatos,icloud.com,1,1,14,0,5,0,Ninguno,SPAM
2025-04-26 14:02:05,Tu tarjeta será desactivada pronto,offersfree.tk,1,0,33,0,1,0,Ninguno,SPAM
2025-04-14 14:11:47,Click aquí para reclamar tu herencia,getrichfast.info,0,0,39,1,3,0,Ninguno,SPAM
2025-06-22 10:24:25,Cambio de horario en la clase,prizescam.net,0,0,5,0,0,0,Ninguno,HAM
2024-09-21 02:38:48,Informe mensual adjunto,ibm.com,0,0,2,0,0,0,Ninguno,HAM
2025-04-11 21:38:34,Confirmación de inscripción al curso,meta.com,0,0,3,0,0,0,Ninguno,HAM
2024-12-22 04:55:01,Cambio de horario en la clase,offersfree.tk,0,0,2,0,0,0,Ninguno,HAM
2025-08-16 20:13:53,Invitación a conferencia académica,ibm.com,0,0,1,0,2,0,Black Friday,HAM
2024-12-31 00:32:53,Disponibilidad de sala para reunión,click-now.cc,0,0,5,0,1,0,Ninguno,HAM
2024-12-15 19:00:06,Horario de examen final,protonmail.com,0,0,4,0,0,0,Ninguno,HAM
2025-03-14 05:07:54,Entrega de calificaciones,spamdomain.ru,0,0,2,0,0,0,Ninguno,HAM
2024-11-18 07:14:03,Trabajo desde casa y gana miles,meta.com,1,1,12,1,1,0,Ninguno,SPAM
2025-07-02 06:30:25,Actualización de políticas internas,getrichfast.info,0,0,2,0,0,0,Ninguno,HAM
2024-09-27 14:02:59,Rebajas extremas en Black Friday,prizescam.net,1,0,3,1,4,0,Ninguno,SPAM
2024-10-03 16:27:06,Reclama tu premio ahora,outlook.com,0,0,44,0,9,0,Ninguno,SPAM
2025-06-30 22:21:33,Reunión programada para mañana,aol.com,0,0,4,0,2,0,Ninguno,HAM
2025-07-06 19:41:12,Oferta exclusiva solo hoy,click-now.cc,1,1,17,0,4,0,Ninguno,SPAM
2024-10-21 14:30:55,Reunión programada para mañana,outlook.com,0,0,4,0,2,0,Ninguno,HAM
2025-04-12 11:17:27,Confirmación de inscripción al curso,nasa.gov,0,0,2,0,2,0,Año Nuevo,HAM
2025-02-17 22:15:15,Invitación a conferencia académica,offersfree.tk,0,0,3,0,1,0,Ninguno,HAM
2024-09-08 12:47:02,Aviso de mantenimiento programado,who.int,0,0,2,0,1,0,Ninguno,HAM
2025-05-02 19:03:16,Informe financiero del trimestre,cheaploans.biz,0,0,5,0,0,0,Ninguno,HAM
2025-04-28 22:04:15,Rebajas extremas en Black Friday,prizescam.net,0,0,48,0,6,1,Año Nuevo,SPAM
2025-07-14 12:06:58,Informe financiero del trimestre,getrichfast.info,0,0,4,0,2,0,Año Nuevo,HAM
2025-08-24 07:51:40,Informe mensual adjunto,protonmail.com,0,0,3,0,2,0,Ninguno,HAM
2025-02-05 13:18:39,Aumenta tus ingresos en una semana,gmx.com,0,1,10,0,7,0,Ninguno,SPAM
2025-08-22 08:25:30,Click aquí para reclamar tu herencia,prizescam.net,0,1,27,0,10,0,Ninguno,SPAM
2024-09-16 04:25:43,Agenda de la reunión semanal,aol.com,0,0,2,0,0,0,Ninguno,HAM
2024-11-09 23:48:21,Invierte en criptomonedas ahora,meta.com,0,1,39,0,10,0,Ninguno,SPAM
2025-03-16 19:00:14,Descuento del 90% en relojes de lujo,google.com,1,0,8,1,0,0,San Valentín,SPAM
2025-04-22 11:54:40,Tu tarjeta será desactivada pronto,click-now.cc,0,0,38,0,10,0,Ninguno,SPAM
2025-08-05 21:00:05,Tu tarjeta será desactivada pronto,zoho.com,0,1,43,1,7,0,Ninguno,SPAM
2025-03-06 18:39:17,Oferta exclusiva solo hoy,freemoney.biz,1,1,35,1,8,1,Navidad,SPAM
2025-08-17 17:03:57,Aviso de mantenimiento programado,tesla.com,0,0,3,0,0,0,Ninguno,HAM
2025-04-27 18:25:02,Click aquí para reclamar tu herencia,meta.com,0,0,25,0,9,0,Ninguno,SPAM
2025-05-19 06:20:05,Invitación a conferencia académica,meta.com,0,0,1,0,1,0,Ninguno,HAM
2025-02-16 10:36:41,Consigue pastillas milagrosas,outlook.com,0,0,40,0,0,0,Ninguno,SPAM
2025-01-22 06:26:34,Tu tarjeta será desactivada pronto,yahoo.com,0,0,37,0,10,1,Ninguno,SPAM
2025-04-26 21:21:53,Agenda de actividades institucionales,icloud.com,0,0,4,0,1,0,Ninguno,HAM
2024-12-14 15:36:58,Consigue pastillas milagrosas,lottery-win.org,0,0,35,0,6,1,Ninguno,SPAM
2025-06-18 15:20:47,Invitación a conferencia académica,aol.com,0,0,5,0,1,0,Ninguno,HAM
2024-11-04 02:08:36,Agenda de la reunión semanal,spamdomain.ru,0,0,3,0,0,0,Ninguno,HAM
2025-06-25 04:09:05,Informe financiero del trimestre,aol.com,0,0,3,0,1,0,Ninguno,HAM
2025-01-23 08:47:57,Última oportunidad para ganar,hotmail.com,1,0,22,0,4,0,Navidad,SPAM
2025-02-01 09:33:57,Agenda de la reunión semanal,hotmail.com,0,0,1,0,1,0,Ninguno,HAM
2024-11-02 10:05:05,Oferta exclusiva solo hoy,hotmail.com,1,1,23,1,9,1,Ninguno,SPAM
2024-10-13 17:06:58,Cambio de horario en la clase,nasa.gov,0,0,2,0,0,0,Ninguno,HAM
2024-09-09 02:48:28,Entrega de calificaciones,prizescam.net,0,0,2,0,2,0,Ninguno,HAM
2024-11-13 22:34:58,Reclama tu premio ahora,ibm.com,0,0,1,1,3,0,Ninguno,SPAM
2024-11-25 09:14:16,Horario de examen final,yahoo.com,0,0,5,0,0,0,Black Friday,HAM
2025-03-13 04:41:00,¡Ganaste un iPhone gratis!,freemoney.biz,1,1,15,0,5,1,Ninguno,SPAM
2024-10-27 03:17:54,Rebajas extremas en Black Friday,nasa.gov,0,0,22,1,2,0,Ninguno,SPAM
2024-11-07 16:09:13,¡Ganaste un iPhone gratis!,amazon.com,0,0,42,0,9,1,Ninguno,SPAM
2024-09-08 17:17:35,Horario de examen final,nasa.gov,0,0,1,0,2,0,Ninguno,HAM
2025-02-06 15:03:09,Entrega del proyecto,offersfree.tk,0,0,4,0,2,0,Ninguno,HAM
2025-02-27 05:12:24,Click aquí para reclamar tu herencia,freemoney.biz,0,0,50,0,3,0,Black Friday,SPAM
2025-01-17 19:52:29,Trabajo desde casa y gana miles,tesla.com,1,0,2,1,9,0,Ninguno,SPAM
2024-10-15 21:14:51,Agenda de actividades institucionales,hotmail.com,0,0,5,0,2,0,Año Nuevo,HAM
2025-01-03 22:18:25,Rebajas extremas en Black Friday,meta.com,1,1,38,0,4,0,Ninguno,SPAM
2025-04-29 06:45:41,Disponibilidad de sala para reunión,click-now.cc,0,0,2,0,1,0,Ninguno,HAM
2025-08-17 15:09:33,Entrega de calificaciones,fakebank.cn,0,0,5,0,2,0,Ninguno,HAM
2025-05-24 23:27:41,Trabajo desde casa y gana miles,zoho.com,0,0,2,1,4,0,Ninguno,SPAM
2025-07-16 12:27:11,Disponibilidad de sala para reunión,hotmail.com,0,0,2,0,0,0,Ninguno,HAM
2025-04-18 02:54:34,Recordatorio de la clase de hoy,outlook.com,0,0,4,0,0,0,Ninguno,HAM
2025-05-20 05:22:30,Consigue pastillas milagrosas,nasa.gov,1,0,6,1,6,0,Ninguno,SPAM
2024-11-09 20:37:45,Actualización de políticas internas,click-now.cc,0,0,2,0,0,0,Black Friday,HAM
2025-08-20 02:19:24,Disponibilidad de sala para reunión,lottery-win.org,0,0,5,0,1,0,Ninguno,HAM
2024-12-19 07:16:02,Oferta exclusiva solo hoy,apple.com,1,1,16,1,1,0,Ninguno,SPAM
2025-01-10 16:28:40,Click aquí para reclamar tu herencia,lottery-win.org,1,1,22,0,6,0,Ninguno,SPAM
2024-12-19 02:04:41,Aumenta tus ingresos en una semana,outlook.com,1,0,41,0,2,0,Ninguno,SPAM
2024-11-13 20:39:17,Rebajas extremas en Black Friday,zoho.com,0,0,26,1,7,0,Ninguno,SPAM
2025-08-13 01:01:07,Aviso de mantenimiento programado,amazon.com,0,0,1,0,0,0,Ninguno,HAM
2025-04-21 01:36:38,Aviso de mantenimiento programado,who.int,0,0,4,0,2,0,Ninguno,HAM
2025-03-22 10:40:06,Recordatorio de la clase de hoy,amazon.com,0,0,4,0,1,0,Ninguno,HAM
2025-08-24 13:21:42,Actualización de políticas internas,tesla.com,0,0,5,0,1,0,Ninguno,HAM
2024-12-06 08:21:57,Entrega de calificaciones,getrichfast.info,0,0,2,0,1,0,Ninguno,HAM
2025-04-14 01:52:57,Trabajo desde casa y gana miles,offersfree.tk,1,1,29,0,3,0,Ninguno,SPAM
2025-02-05 08:00:51,Entrega del proyecto,who.int,0,0,5,0,2,0,Ninguno,HAM
2025-03-30 06:01:20,Rebajas extremas en Black Friday,apple.com,1,1,12,0,5,0,Ninguno,SPAM
2025-03-27 10:32:02,Invierte en criptomonedas ahora,yahoo.com,1,1,4,0,2,1,San Valentín,SPAM
2025-06-09 20:03:08,Reclama tu premio ahora,protonmail.com,1,0,26,0,7,1,Ninguno,SPAM
2025-02-06 18:19:54,Tu tarjeta será desactivada pronto,gmx.com,1,0,15,1,2,1,Año Nuevo,SPAM
2025-03-12 16:19:20,Entrega de calificaciones,google.com,0,0,2,0,1,0,Ninguno,HAM
2024-10-17 22:49:12,Oferta exclusiva solo hoy,hotmail.com,1,0,13,1,0,1,Ninguno,SPAM
2025-03-02 23:40:48,Oferta limitada: préstamos inmediatos,zoho.com,1,1,17,0,2,0,Ninguno,SPAM
2024-10-10 22:39:11,Oferta limitada: préstamos inmediatos,yahoo.com,1,0,14,1,7,1,Ninguno,SPAM
2024-09-20 11:19:05,Agenda de actividades institucionales,meta.com,0,0,3,0,1,0,Ninguno,HAM
2024-09-14 08:47:03,Reclama tu premio ahora,spamdomain.ru,0,0,40,0,1,0,Navidad,SPAM
2025-07-25 01:45:50,Informe financiero del trimestre,nasa.gov,0,0,3,0,1,0,Ninguno,HAM
2025-02-15 11:53:09,Aviso de mantenimiento programado,who.int,0,0,1,0,1,0,Ninguno,HAM
2024-09-28 21:13:47,Horario de examen final,ibm.com,0,0,1,0,0,0,Ninguno,HAM
2025-04-20 23:29:57,Reclama tu premio ahora,gmail.com,1,0,29,0,10,1,Ninguno,SPAM
2025-03-06 15:19:17,Invitación a conferencia académica,cheaploans.biz,0,0,4,0,2,0,Ninguno,HAM
2025-03-20 17:34:41,Consigue pastillas milagrosas,aol.com,0,0,23,1,10,0,Ninguno,SPAM
2025-03-14 19:18:13,Actualización de políticas internas,microsoft.com,0,0,2,0,2,0,Ninguno,HAM
2025-05-29 07:55:49,Invitación a conferencia académica,icloud.com,0,0,1,0,1,0,Ninguno,HAM
2024-10-09 14:42:03,Oferta exclusiva solo hoy,zoho.com,1,1,18,0,10,0,Ninguno,SPAM
2025-08-05 08:53:26,Consigue pastillas milagrosas,spamdomain.ru,1,1,6,0,9,0,Ninguno,SPAM
2024-10-19 12:32:01,Aviso de mantenimiento programado,icloud.com,0,0,2,0,2,0,Ninguno,HAM
2025-02-06 09:08:27,Tu tarjeta será desactivada pronto,ibm.com,1,0,49,1,0,1,Año Nuevo,SPAM
2025-05-19 04:34:20,Click aquí para reclamar tu herencia,fakebank.cn,1,0,22,0,0,1,Ninguno,SPAM
2024-09-24 06:56:20,Agenda de actividades institucionales,cheaploans.biz,0,0,4,0,0,0,San Valentín,HAM
2024-10-23 06:00:03,Reunión programada para mañana,icloud.com,0,0,4,0,0,0,Black Friday,HAM
2025-05-07 04:00:46,Informe financiero del trimestre,apple.com,0,0,1,0,1,0,Ninguno,HAM
2024-11-28 18:25:46,Descuento del 90% en relojes de lujo,yahoo.com,1,1,13,0,6,1,Ninguno,SPAM
2025-03-14 20:44:22,Disponibilidad de sala para reunión,freemoney.biz,0,0,1,0,2,0,Ninguno,HAM
2025-03-15 01:24:49,Invierte en criptomonedas ahora,getrichfast.info,1,1,5,0,2,0,Ninguno,SPAM
2025-04-03 00:16:25,Entrega del proyecto,google.com,0,0,1,0,2,0,Ninguno,HAM
2024-12-21 01:25:18,Entrega de calificaciones,offersfree.tk,0,0,5,0,1,0,Ninguno,HAM
2025-07-25 19:39:22,Actualización de políticas internas,ibm.com,0,0,2,0,1,0,Ninguno,HAM
2025-07-13 08:10:36,Disponibilidad de sala para reunión,apple.com,0,0,2,0,1,0,Ninguno,HAM
2024-09-10 06:33:31,Cambio de horario en la clase,icloud.com,0,0,3,0,1,0,Ninguno,HAM
2024-09-26 13:00:52,¡Tu cuenta bancaria fue bloqueada!,google.com,1,0,18,0,2,0,Navidad,SPAM
2025-03-12 23:50:22,Aumenta tus ingresos en una semana,lottery-win.org,1,1,42,0,6,1,Black Friday,SPAM
2025-02-10 02:40:12,Entrega del proyecto,yahoo.com,0,0,5,0,0,0,Ninguno,HAM
2025-05-18 12:48:20,¡Ganaste un iPhone gratis!,gmail.com,0,0,19,0,4,0,Ninguno,SPAM
2024-09-03 15:51:40,Informe financiero del trimestre,spamdomain.ru,0,0,2,0,0,0,Ninguno,HAM
2025-03-21 21:58:01,Reclama tu premio ahora,microsoft.com,0,1,15,0,8,0,Ninguno,SPAM
2025-04-08 19:29:23,Invierte en criptomonedas ahora,ibm.com,1,1,34,0,3,0,Ninguno,SPAM
2025-08-16 11:17:42,Reclama tu premio ahora,yahoo.com,0,1,3,0,5,0,Ninguno,SPAM
2025-02-26 04:28:42,Oferta limitada: préstamos inmediatos,who.int,1,0,44,1,4,0,Ninguno,SPAM
2024-09-20 12:07:29,Entrega de calificaciones,who.int,0,0,1,0,1,0,Ninguno,HAM
2025-07-12 14:40:52,Reclama tu premio ahora,amazon.com,0,1,42,0,9,0,Ninguno,SPAM
2025-07-14 10:58:02,Rebajas extremas en Black Friday,gmail.com,0,0,48,0,10,0,Ninguno,SPAM
2024-09-14 21:42:29,Viaja gratis con esta promoción,meta.com,0,1,36,1,7,0,Ninguno,SPAM
2024-12-28 03:33:34,Confirmación de inscripción al curso,apple.com,0,0,1,0,0,0,Ninguno,HAM
2024-11-07 12:10:19,Oferta limitada: préstamos inmediatos,lottery-win.org,1,1,41,1,2,0,Ninguno,SPAM
2025-01-09 03:32:13,Aviso de mantenimiento programado,offersfree.tk,0,0,4,0,0,0,Ninguno,HAM
2025-07-28 11:21:38,Informe financiero del trimestre,ibm.com,0,0,2,0,0,0,Ninguno,HAM
2024-09-13 02:56:03,Horario de examen final,apple.com,0,0,5,0,0,0,Año Nuevo,HAM
2025-06-08 11:44:35,Disponibilidad de sala para reunión,zoho.com,0,0,1,0,2,0,Ninguno,HAM
2025-03-05 01:33:05,Aumenta tus ingresos en una semana,fakebank.cn,0,1,21,0,0,0,Ninguno,SPAM
2025-05-27 16:20:59,Trabajo desde casa y gana miles,protonmail.com,1,0,8,1,9,0,Ninguno,SPAM
2025-02-13 21:39:18,Informe financiero del trimestre,apple.com,0,0,4,0,0,0,Ninguno,HAM
2025-01-11 23:27:09,Aumenta tus ingresos en una semana,google.com,1,0,27,1,0,0,Ninguno,SPAM
2025-04-18 04:15:09,¡Tu cuenta bancaria fue bloqueada!,nasa.gov,1,0,37,0,6,1,Black Friday,SPAM
2024-09-22 01:37:02,Trabajo desde casa y gana miles,getrichfast.info,1,1,32,1,2,1,Ninguno,SPAM
2024-12-07 20:56:58,Agenda de actividades institucionales,meta.com,0,0,3,0,2,0,Black Friday,HAM
2025-01-19 09:49:42,Trabajo desde casa y gana miles,zoho.com,0,1,34,1,4,1,Ninguno,SPAM
2025-03-07 18:00:38,Tu tarjeta será desactivada pronto,spamdomain.ru,0,0,39,0,0,0,Navidad,SPAM
2025-08-20 01:39:16,¡Ganaste un iPhone gratis!,outlook.com,0,1,13,0,9,0,Ninguno,SPAM
2025-06-14 22:43:08,Entrega del proyecto,who.int,0,0,4,0,0,0,Ninguno,HAM
2025-06-04 07:10:09,Disponibilidad de sala para reunión,microsoft.com,0,0,1,0,2,0,Ninguno,HAM
2024-12-27 08:13:36,Invitación a conferencia académica,meta.com,0,0,4,0,1,0,Ninguno,HAM
2025-02-11 09:17:29,Click aquí para reclamar tu herencia,ibm.com,1,1,7,0,1,0,Ninguno,SPAM
2025-06-09 05:39:11,Agenda de actividades institucionales,microsoft.com,0,0,4,0,2,0,Ninguno,HAM
2025-03-02 09:03:38,Informe mensual adjunto,protonmail.com,0,0,2,0,1,0,Ninguno,HAM
2025-06-05 19:49:24,¡Ganaste un iPhone gratis!,click-now.cc,0,1,46,0,3,0,Ninguno,SPAM
2025-07-19 10:45:41,Invitación a conferencia académica,who.int,0,0,1,0,0,0,Ninguno,HAM
2024-12-24 01:23:59,Click aquí para reclamar tu herencia,ibm.com,0,1,9,0,3,0,Ninguno,SPAM
2025-01-09 14:33:06,¡Ganaste un iPhone gratis!,yahoo.com,0,1,15,0,4,1,Ninguno,SPAM
2024-11-28 13:19:38,Trabajo desde casa y gana miles,gmx.com,0,1,48,1,6,1,Ninguno,SPAM
2025-08-22 04:05:46,Reclama tu premio ahora,lottery-win.org,1,1,10,0,2,0,Ninguno,SPAM
2025-02-05 06:25:40,Informe mensual adjunto,yahoo.com,0,0,5,0,2,0,Ninguno,HAM
2025-05-07 04:42:51,Recordatorio de la clase de hoy,google.com,0,0,2,0,2,0,Ninguno,HAM
2025-06-18 06:45:49,Invitación a conferencia académica,click-now.cc,0,0,2,0,1,0,Ninguno,HAM
2025-01-31 12:49:38,Invitación a conferencia académica,protonmail.com,0,0,1,0,2,0,Ninguno,HAM
2024-10-26 12:48:52,Consigue pastillas milagrosas,zoho.com,0,1,44,0,0,0,Ninguno,SPAM
2025-05-09 22:31:22,Viaja gratis con esta promoción,cheaploans.biz,1,1,6,0,6,1,Ninguno,SPAM
2025-08-02 11:29:31,Disponibilidad de sala para reunión,who.int,0,0,5,0,1,0,Ninguno,HAM
2024-11-29 11:38:27,Viaja gratis con esta promoción,gmail.com,1,1,24,1,2,1,Ninguno,SPAM
2024-09-28 01:10:18,Click aquí para reclamar tu herencia,prizescam.net,1,1,11,1,3,0,Navidad,SPAM
2024-12-21 15:54:24,Agenda de la reunión semanal,who.int,0,0,2,0,2,0,Año Nuevo,HAM
2024-09-01 02:31:12,Invierte en criptomonedas ahora,cheaploans.biz,1,1,23,1,1,0,Año Nuevo,SPAM
2024-12-19 21:14:53,¡Tu cuenta bancaria fue bloqueada!,icloud.com,1,0,8,0,7,1,Ninguno,SPAM
2025-02-02 03:47:04,Recordatorio de la clase de hoy,outlook.com,0,0,3,0,0,0,Ninguno,HAM
2024-09-11 17:00:35,Horario de examen final,apple.com,0,0,4,0,1,0,Ninguno,HAM
2024-10-07 17:51:06,Disponibilidad de sala para reunión,icloud.com,0,0,4,0,1,0,Ninguno,HAM
2025-01-28 20:16:01,Entrega de calificaciones,who.int,0,0,5,0,1,0,Black Friday,HAM
2024-12-28 19:52:03,Descuento del 90% en relojes de lujo,freemoney.biz,1,1,1,1,4,0,Ninguno,SPAM
2025-07-02 09:40:35,Aviso de mantenimiento programado,aol.com,0,0,5,0,2,0,San Valentín,HAM
2024-12-22 09:00:08,Tu tarjeta será desactivada pronto,google.com,0,1,21,1,7,0,Ninguno,SPAM
2024-11-30 14:09:09,Entrega de calificaciones,gmail.com,0,0,2,0,1,0,Ninguno,HAM
2025-07-22 04:13:00,Consigue pastillas milagrosas,nasa.gov,0,0,35,0,5,0,Ninguno,SPAM
2024-09-22 07:38:47,Descuento del 90% en relojes de lujo,fakebank.cn,1,1,45,0,3,0,Ninguno,SPAM
2025-07-16 07:19:42,Horario de examen final,offersfree.tk,0,0,5,0,1,0,Ninguno,HAM
2025-07-22 14:50:55,Informe financiero del trimestre,offersfree.tk,0,0,4,0,2,0,Ninguno,HAM
2024-08-31 04:25:11,Rebajas extremas en Black Friday,hotmail.com,1,0,4,0,6,0,Ninguno,SPAM
2025-07-13 01:21:27,Aumenta tus ingresos en una semana,click-now.cc,1,0,8,1,5,0,Ninguno,SPAM
2025-08-30 19:13:17,Oferta exclusiva solo hoy,prizescam.net,1,0,5,1,7,0,Ninguno,SPAM
2025-02-07 04:53:09,Entrega del proyecto,nasa.gov,0,0,4,0,0,0,Black Friday,HAM
2024-10-31 05:30:21,¡Tu cuenta bancaria fue bloqueada!,zoho.com,0,1,45,0,1,1,Ninguno,SPAM
2025-05-10 08:55:10,Click aquí para reclamar tu herencia,yahoo.com,0,0,26,1,6,0,Ninguno,SPAM
2025-08-03 21:40:10,Rebajas extremas en Black Friday,nasa.gov,1,0,10,0,6,0,Ninguno,SPAM
2025-08-09 18:53:31,Recordatorio de la clase de hoy,protonmail.com,0,0,5,0,0,0,Ninguno,HAM
2025-03-16 09:37:34,Trabajo desde casa y gana miles,gmx.com,0,1,42,1,3,0,Ninguno,SPAM
2025-07-05 11:12:52,Actualización de políticas internas,offersfree.tk,0,0,3,0,0,0,Navidad,HAM
2025-02-28 02:49:01,Rebajas extremas en Black Friday,hotmail.com,1,0,39,0,0,0,Black Friday,SPAM
2025-08-03 18:01:48,Horario de examen final,microsoft.com,0,0,2,0,1,0,Ninguno,HAM
2024-12-18 19:52:31,Aumenta tus ingresos en una semana,icloud.com,1,0,16,1,9,1,Ninguno,SPAM
2024-10-02 17:12:34,Informe financiero del trimestre,lottery-win.org,0,0,3,0,2,0,Ninguno,HAM
2024-09-10 00:53:12,Oferta exclusiva solo hoy,yahoo.com,1,0,33,0,2,0,Black Friday,SPAM
2025-08-21 08:10:41,Agenda de la reunión semanal,aol.com,0,0,3,0,0,0,Ninguno,HAM
2025-05-09 09:36:35,Viaja gratis con esta promoción,lottery-win.org,0,0,10,1,5,1,Ninguno,SPAM
2024-10-10 12:18:09,Consigue pastillas milagrosas,outlook.com,1,0,49,0,6,0,Ninguno,SPAM
2025-01-31 10:18:49,Informe mensual adjunto,apple.com,0,0,4,0,0,0,Ninguno,HAM
2025-06-25 00:25:21,Última oportunidad para ganar,offersfree.tk,0,1,9,0,3,1,Ninguno,SPAM
2024-11-26 13:40:45,Confirmación de inscripción al curso,ibm.com,0,0,5,0,2,0,Ninguno,HAM
2024-12-22 06:59:47,¡Tu cuenta bancaria fue bloqueada!,hotmail.com,1,1,48,0,8,0,Ninguno,SPAM
2025-07-10 15:27:02,Reclama tu premio ahora,google.com,0,1,12,0,4,0,Ninguno,SPAM
2024-12-22 21:56:16,Oferta limitada: préstamos inmediatos,amazon.com,0,0,46,0,9,0,Black Friday,SPAM
2025-05-21 15:07:49,Disponibilidad de sala para reunión,gmx.com,0,0,1,0,2,0,Ninguno,HAM
2025-01-17 20:53:37,Click aquí para reclamar tu herencia,fakebank.cn,1,0,8,0,9,1,Ninguno,SPAM
2025-02-06 20:53:00,Descuento del 90% en relojes de lujo,protonmail.com,1,1,4,0,9,0,Ninguno,SPAM
2025-06-20 17:41:25,Oferta exclusiva solo hoy,meta.com,1,1,15,0,1,0,Ninguno,SPAM
2024-09-09 03:36:36,Confirmación de inscripción al curso,nasa.gov,0,0,5,0,2,0,Ninguno,HAM
2025-03-11 21:29:01,Oferta exclusiva solo hoy,gmx.com,0,0,19,0,2,0,Ninguno,SPAM
2025-03-28 21:34:58,Última oportunidad para ganar,protonmail.com,1,0,27,0,7,0,Ninguno,SPAM
2024-11-27 14:06:42,Invitación a conferencia académica,prizescam.net,0,0,4,0,0,0,Año Nuevo,HAM
2025-02-05 23:29:05,¡Tu cuenta bancaria fue bloqueada!,microsoft.com,1,0,27,0,8,1,Ninguno,SPAM
2024-09-30 19:33:13,Reclama tu premio ahora,tesla.com,1,1,18,1,4,0,Ninguno,SPAM
2024-11-06 00:32:21,Aviso de mantenimiento programado,prizescam.net,0,0,5,0,1,0,Ninguno,HAM
2025-02-07 10:54:27,¡Tu cuenta bancaria fue bloqueada!,freemoney.biz,1,0,49,0,4,0,Ninguno,SPAM
2024-11-26 22:45:44,Descuento del 90% en relojes de lujo,gmail.com,1,1,29,0,0,0,Black Friday,SPAM
2025-07-25 01:46:42,Rebajas extremas en Black Friday,google.com,0,0,10,0,6,0,Ninguno,SPAM
2024-09-06 07:01:39,Entrega de calificaciones,yahoo.com,0,0,3,0,0,0,Ninguno,HAM
2025-04-28 01:45:36,Reunión programada para mañana,icloud.com,0,0,1,0,2,0,Ninguno,HAM
2025-03-15 08:34:16,Invitación a conferencia académica,hotmail.com,0,0,3,0,1,0,Ninguno,HAM
2025-05-04 16:33:05,Oferta exclusiva solo hoy,zoho.com,0,0,16,1,8,1,San Valentín,SPAM
2025-03-07 21:29:10,Click aquí para reclamar tu herencia,yahoo.com,0,0,33,0,1,1,Ninguno,SPAM
2025-08-26 19:20:12,Rebajas extremas en Black Friday,protonmail.com,1,0,10,0,3,1,San Valentín,SPAM
2025-07-28 04:21:13,Informe financiero del trimestre,prizescam.net,0,0,5,0,0,0,Ninguno,HAM
2024-09-26 18:30:20,Horario de examen final,who.int,0,0,4,0,2,0,Ninguno,HAM
2025-03-31 16:10:19,Agenda de actividades institucionales,freemoney.biz,0,0,2,0,2,0,Ninguno,HAM
2024-10-12 08:02:25,Confirmación de inscripción al curso,aol.com,0,0,3,0,1,0,Ninguno,HAM
2024-12-10 22:02:41,Viaja gratis con esta promoción,gmx.com,1,1,17,0,9,1,Ninguno,SPAM
2025-04-02 12:52:58,Viaja gratis con esta promoción,google.com,1,1,23,1,6,1,Ninguno,SPAM
2025-03-06 17:47:46,Aviso de mantenimiento programado,tesla.com,0,0,3,0,0,0,San Valentín,HAM
2024-09-28 11:58:28,Agenda de actividades institucionales,tesla.com,0,0,5,0,1,0,Ninguno,HAM
2024-12-10 22:38:40,Invitación a conferencia académica,aol.com,0,0,4,0,2,0,San Valentín,HAM
2024-10-25 21:48:07,Reunión programada para mañana,cheaploans.biz,0,0,5,0,0,0,Ninguno,HAM
2024-09-04 16:18:38,Cambio de horario en la clase,meta.com,0,0,4,0,2,0,Ninguno,HAM
2025-03-16 07:27:07,Invitación a conferencia académica,offersfree.tk,0,0,1,0,2,0,Ninguno,HAM
2025-01-08 20:34:39,Trabajo desde casa y gana miles,tesla.com,0,1,2,1,9,0,Ninguno,SPAM
2025-01-14 19:04:43,¡Ganaste un iPhone gratis!,gmail.com,0,1,29,1,7,1,Ninguno,SPAM
2024-12-19 05:26:12,Agenda de actividades institucionales,protonmail.com,0,0,5,0,2,0,Ninguno,HAM
2025-01-31 11:13:12,Informe mensual adjunto,meta.com,0,0,3,0,2,0,Ninguno,HAM
2025-06-20 15:47:14,Informe mensual adjunto,tesla.com,0,0,4,0,1,0,Ninguno,HAM
2024-12-05 04:09:56,Invierte en criptomonedas ahora,click-now.cc,1,1,8,1,2,0,Ninguno,SPAM
2024-10-21 06:03:50,Recordatorio de la clase de hoy,offersfree.tk,0,0,4,0,2,0,Ninguno,HAM
2024-12-06 18:02:11,Horario de examen final,tesla.com,0,0,1,0,0,0,Ninguno,HAM
2025-02-22 23:08:57,¡Ganaste un iPhone gratis!,lottery-win.org,0,0,50,1,7,0,Ninguno,SPAM
2025-03-27 15:17:01,Descuento del 90% en relojes de lujo,ibm.com,1,0,48,0,10,0,Ninguno,SPAM
2025-03-10 19:33:36,Agenda de la reunión semanal,yahoo.com,0,0,4,0,1,0,Ninguno,HAM
2025-05-13 23:04:48,Entrega de calificaciones,microsoft.com,0,0,3,0,0,0,Ninguno,HAM
2024-09-19 03:30:46,Disponibilidad de sala para reunión,microsoft.com,0,0,4,0,0,0,Ninguno,HAM
2025-06-12 15:12:24,Invitación a conferencia académica,lottery-win.org,0,0,5,0,0,0,San Valentín,HAM
2025-04-06 23:40:43,Aumenta tus ingresos en una semana,getrichfast.info,1,0,43,0,6,0,Ninguno,SPAM
2024-09-01 00:12:53,Reunión programada para mañana,lottery-win.org,0,0,4,0,0,0,Ninguno,HAM
2024-09-03 01:46:21,¡Ganaste un iPhone gratis!,protonmail.com,1,0,25,0,7,0,Ninguno,SPAM
2024-10-20 22:57:07,Trabajo desde casa y gana miles,getrichfast.info,0,1,18,0,8,1,Ninguno,SPAM
2024-09-10 23:17:52,Disponibilidad de sala para reunión,icloud.com,0,0,4,0,0,0,Ninguno,HAM
2025-02-13 15:09:12,Invitación a conferencia académica,outlook.com,0,0,3,0,2,0,Ninguno,HAM
2025-01-19 15:06:13,Entrega de calificaciones,google.com,0,0,5,0,0,0,Ninguno,HAM
2024-09-10 18:02:21,Cambio de horario en la clase,fakebank.cn,0,0,4,0,2,0,Ninguno,HAM
2025-06-30 20:20:57,Entrega del proyecto,fakebank.cn,0,0,1,0,1,0,Ninguno,HAM
2025-04-20 00:41:30,Reclama tu premio ahora,nasa.gov,0,1,17,1,1,0,San Valentín,SPAM
2025-04-28 17:11:47,Aumenta tus ingresos en una semana,apple.com,0,1,45,1,2,0,Ninguno,SPAM
2025-04-26 10:30:22,Recordatorio de la clase de hoy,prizescam.net,0,0,1,0,1,0,Ninguno,HAM
2024-09-24 07:16:49,Horario de examen final,ibm.com,0,0,5,0,0,0,Ninguno,HAM
2024-10-26 22:09:16,Agenda de actividades institucionales,zoho.com,0,0,5,0,0,0,Año Nuevo,HAM
2025-06-07 03:19:22,Invierte en criptomonedas ahora,who.int,0,1,4,1,9,1,Ninguno,SPAM
2025-05-14 03:09:54,Confirmación de inscripción al curso,offersfree.tk,0,0,1,0,0,0,Ninguno,HAM
2024-11-07 07:44:57,Entrega de calificaciones,tesla.com,0,0,4,0,0,0,Ninguno,HAM
2025-06-21 13:13:46,Invierte en criptomonedas ahora,google.com,0,0,24,0,2,0,Ninguno,SPAM
2025-02-25 06:38:17,Reunión programada para mañana,cheaploans.biz,0,0,5,0,1,0,Ninguno,HAM
2024-10-06 18:47:04,Oferta limitada: préstamos inmediatos,gmail.com,0,0,13,0,8,0,Ninguno,SPAM
2025-03-27 21:40:10,Consigue pastillas milagrosas,yahoo.com,0,1,43,1,10,0,Ninguno,SPAM
2025-07-20 02:04:44,Oferta limitada: préstamos inmediatos,cheaploans.biz,1,1,41,0,2,0,Ninguno,SPAM
2025-03-15 19:11:34,Agenda de la reunión semanal,cheaploans.biz,0,0,1,0,0,0,Ninguno,HAM
2025-02-13 15:19:15,Horario de examen final,hotmail.com,0,0,2,0,2,0,Ninguno,HAM
2025-06-02 15:18:26,Tu tarjeta será desactivada pronto,ibm.com,1,1,33,1,7,0,Ninguno,SPAM
2025-05-27 21:24:20,Reclama tu premio ahora,yahoo.com,1,0,1,1,9,1,Ninguno,SPAM
2025-05-20 06:20:52,Aviso de mantenimiento programado,protonmail.com,0,0,1,0,0,0,Ninguno,HAM
2025-01-24 10:29:47,Recordatorio de la clase de hoy,yahoo.com,0,0,2,0,0,0,Ninguno,HAM
2025-06-03 21:43:04,Informe financiero del trimestre,lottery-win.org,0,0,4,0,2,0,Ninguno,HAM
2025-01-16 19:31:22,Tu tarjeta será desactivada pronto,protonmail.com,1,1,25,1,3,0,Ninguno,SPAM
2025-07-01 09:27:54,Horario de examen final,hotmail.com,0,0,4,0,0,0,Navidad,HAM
2025-01-22 05:29:08,Entrega del proyecto,spamdomain.ru,0,0,3,0,2,0,Ninguno,HAM
2025-08-18 21:24:23,Trabajo desde casa y gana miles,prizescam.net,0,1,14,1,1,0,Ninguno,SPAM
2024-09-17 02:06:09,Invitación a conferencia académica,zoho.com,0,0,2,0,1,0,Ninguno,HAM
2024-11-30 14:52:16,Tu tarjeta será desactivada pronto,zoho.com,1,1,23,1,5,1,Ninguno,SPAM
2025-03-05 12:01:24,¡Tu cuenta bancaria fue bloqueada!,ibm.com,0,0,9,0,0,0,Ninguno,SPAM
2024-11-26 01:42:16,Aviso de mantenimiento programado,offersfree.tk,0,0,1,0,0,0,Ninguno,HAM
2025-08-07 10:04:54,Invitación a conferencia académica,spamdomain.ru,0,0,2,0,0,0,Ninguno,HAM
2025-05-11 02:14:31,Reclama tu premio ahora,ibm.com,1,1,33,0,5,1,Ninguno,SPAM
2024-11-03 04:40:13,Agenda de actividades institucionales,lottery-win.org,0,0,5,0,0,0,Ninguno,HAM
2025-03-25 13:04:15,Última oportunidad para ganar,hotmail.com,0,1,8,1,0,0,Ninguno,SPAM
2025-05-06 05:16:43,Rebajas extremas en Black Friday,lottery-win.org,1,0,30,0,2,1,Ninguno,SPAM
2025-08-09 23:56:22,Reclama tu premio ahora,yahoo.com,0,0,25,1,1,0,San Valentín,SPAM
2024-11-14 18:26:23,Invierte en criptomonedas ahora,hotmail.com,1,1,2,0,1,0,Ninguno,SPAM
2025-03-12 05:10:54,Reunión programada para mañana,tesla.com,0,0,3,0,1,0,Ninguno,HAM
2025-08-06 09:51:23,Oferta limitada: préstamos inmediatos,tesla.com,1,0,19,0,9,0,Ninguno,SPAM
2025-07-07 03:54:10,Reclama tu premio ahora,ibm.com,1,0,18,0,4,0,Ninguno,SPAM
2025-06-29 06:38:59,Recordatorio de la clase de hoy,aol.com,0,0,2,0,1,0,Ninguno,HAM
2025-07-28 03:41:26,Actualización de políticas internas,getrichfast.info,0,0,3,0,2,0,Ninguno,HAM
2024-11-29 18:12:39,Agenda de actividades institucionales,freemoney.biz,0,0,1,0,0,0,Ninguno,HAM
2025-02-01 00:21:21,Reclama tu premio ahora,offersfree.tk,1,0,5,0,3,0,San Valentín,SPAM
2025-05-02 01:29:00,Actualización de políticas internas,spamdomain.ru,0,0,5,0,1,0,Ninguno,HAM
2025-08-04 16:22:23,Agenda de la reunión semanal,google.com,0,0,1,0,0,0,Ninguno,HAM
2025-02-23 00:38:11,Aviso de mantenimiento programado,icloud.com,0,0,5,0,0,0,Navidad,HAM
2024-10-14 19:29:49,Reunión programada para mañana,ibm.com,0,0,4,0,0,0,Ninguno,HAM
2025-08-18 02:54:54,Entrega del proyecto,offersfree.tk,0,0,3,0,1,0,Ninguno,HAM
2025-04-05 18:11:15,Entrega de calificaciones,gmail.com,0,0,4,0,1,0,Ninguno,HAM
2025-07-27 13:36:21,Oferta limitada: préstamos inmediatos,getrichfast.info,1,1,38,1,8,1,Ninguno,SPAM
2025-04-27 21:21:48,Confirmación de inscripción al curso,apple.com,0,0,3,0,2,0,Ninguno,HAM
2024-09-07 11:05:58,Descuento del 90% en relojes de lujo,offersfree.tk,1,1,5,0,0,1,Año Nuevo,SPAM
2024-11-06 07:19:55,Última oportunidad para ganar,nasa.gov,0,0,40,0,4,0,Ninguno,SPAM
2025-07-01 18:01:44,Confirmación de inscripción al curso,meta.com,0,0,4,0,2,0,San Valentín,HAM
2024-10-09 12:55:20,Trabajo desde casa y gana miles,nasa.gov,1,0,41,0,1,1,Ninguno,SPAM
2025-03-07 13:24:25,Disponibilidad de sala para reunión,amazon.com,0,0,4,0,2,0,Navidad,HAM
2025-02-12 01:40:14,Recordatorio de la clase de hoy,icloud.com,0,0,1,0,2,0,Ninguno,HAM
2025-07-15 01:23:14,Reunión programada para mañana,fakebank.cn,0,0,5,0,2,0,Ninguno,HAM
2025-03-24 20:20:12,Horario de examen final,aol.com,0,0,4,0,0,0,Ninguno,HAM
2025-01-20 05:59:30,Oferta exclusiva solo hoy,cheaploans.biz,0,1,43,0,2,0,Ninguno,SPAM
2025-03-20 04:09:23,Click aquí para reclamar tu herencia,aol.com,0,1,46,0,0,0,Ninguno,SPAM
2024-12-05 17:01:15,Viaja gratis con esta promoción,freemoney.biz,0,1,1,1,2,0,Ninguno,SPAM
2025-04-09 19:42:41,Actualización de políticas internas,gmail.com,0,0,4,0,0,0,Ninguno,HAM
2024-09-13 07:24:11,Recordatorio de la clase de hoy,aol.com,0,0,5,0,1,0,Ninguno,HAM
2025-06-09 16:02:07,Invitación a conferencia académica,nasa.gov,0,0,5,0,2,0,Black Friday,HAM
2024-10-21 06:20:56,Consigue pastillas milagrosas,amazon.com,0,1,50,0,7,0,Navidad,SPAM
2024-10-05 06:27:20,Entrega de calificaciones,offersfree.tk,0,0,4,0,2,0,Ninguno,HAM
2025-08-18 07:15:10,Aviso de mantenimiento programado,lottery-win.org,0,0,4,0,1,0,Navidad,HAM
2025-03-24 06:12:39,Última oportunidad para ganar,hotmail.com,1,1,21,1,4,0,Ninguno,SPAM
2025-04-11 17:42:48,Viaja gratis con esta promoción,cheaploans.biz,0,0,26,1,8,1,San Valentín,SPAM
2025-07-10 15:46:58,¡Tu cuenta bancaria fue bloqueada!,freemoney.biz,1,0,14,0,9,0,Ninguno,SPAM
2025-08-16 09:40:45,Recordatorio de la clase de hoy,outlook.com,0,0,4,0,1,0,San Valentín,HAM
2025-08-11 17:41:42,Reclama tu premio ahora,spamdomain.ru,0,0,50,1,6,1,Black Friday,SPAM
2025-08-04 17:40:57,Click aquí para reclamar tu herencia,outlook.com,0,1,20,1,6,1,Ninguno,SPAM
2025-01-21 08:33:55,Invierte en criptomonedas ahora,microsoft.com,0,1,27,0,2,1,San Valentín,SPAM
2025-08-06 18:46:12,Disponibilidad de sala para reunión,spamdomain.ru,0,0,1,0,2,0,Ninguno,HAM
2025-08-24 08:19:04,Oferta exclusiva solo hoy,getrichfast.info,0,0,35,0,0,0,Ninguno,SPAM
2024-11-02 08:41:06,Aviso de mantenimiento programado,cheaploans.biz,0,0,2,0,0,0,Ninguno,HAM
2025-07-09 07:18:11,Disponibilidad de sala para reunión,getrichfast.info,0,0,4,0,2,0,Ninguno,HAM
2025-02-08 14:59:19,Oferta limitada: préstamos inmediatos,prizescam.net,1,1,4,0,8,0,Ninguno,SPAM
2024-11-05 00:57:54,Consigue pastillas milagrosas,lottery-win.org,0,1,1,1,9,0,Ninguno,SPAM
2025-06-04 18:13:28,Click aquí para reclamar tu herencia,spamdomain.ru,1,1,3,1,1,1,Ninguno,SPAM
2025-02-14 16:38:12,Rebajas extremas en Black Friday,freemoney.biz,0,1,37,1,8,0,Ninguno,SPAM
2025-06-15 00:08:21,Oferta limitada: préstamos inmediatos,who.int,1,1,41,0,2,0,Ninguno,SPAM
2025-02-07 03:29:08,Confirmación de inscripción al curso,yahoo.com,0,0,1,0,1,0,Ninguno,HAM
2025-07-05 12:20:49,Oferta limitada: préstamos inmediatos,hotmail.com,1,1,42,0,4,0,Ninguno,SPAM
2025-03-04 14:27:15,Invitación a conferencia académica,cheaploans.biz,0,0,1,0,2,0,Ninguno,HAM
2024-10-20 08:57:10,Rebajas extremas en Black Friday,click-now.cc,1,0,8,0,2,0,Ninguno,SPAM
2025-04-22 03:40:32,Oferta limitada: préstamos inmediatos,icloud.com,1,0,25,0,9,0,Ninguno,SPAM
2025-05-09 16:00:44,Click aquí para reclamar tu herencia,prizescam.net,1,0,9,0,6,0,Ninguno,SPAM
2025-05-03 06:59:30,Trabajo desde casa y gana miles,tesla.com,1,1,5,1,4,0,Ninguno,SPAM
2024-11-10 06:14:16,Agenda de actividades institucionales,freemoney.biz,0,0,2,0,0,0,Navidad,HAM
2024-11-28 20:30:45,Reclama tu premio ahora,getrichfast.info,0,0,25,0,7,0,Ninguno,SPAM
2025-01-11 06:41:51,¡Ganaste un iPhone gratis!,hotmail.com,1,0,38,0,2,0,San Valentín,SPAM
2025-02-16 21:30:43,Agenda de la reunión semanal,protonmail.com,0,0,1,0,0,0,Ninguno,HAM
2024-12-26 00:32:41,Oferta limitada: préstamos inmediatos,aol.com,0,0,8,0,5,1,Ninguno,SPAM
2025-02-11 22:16:50,Consigue pastillas milagrosas,yahoo.com,0,0,17,0,7,1,Ninguno,SPAM
2025-07-16 11:59:42,Aviso de mantenimiento programado,apple.com,0,0,2,0,0,0,Ninguno,HAM
2024-09-11 13:08:41,Invierte en criptomonedas ahora,gmail.com,0,1,29,0,9,0,Ninguno,SPAM
2025-05-20 15:40:59,Aumenta tus ingresos en una semana,nasa.gov,0,0,47,0,0,0,Ninguno,SPAM
2024-09-17 15:48:26,Disponibilidad de sala para reunión,nasa.gov,0,0,5,0,0,0,Ninguno,HAM
2025-06-26 16:44:10,Informe mensual adjunto,apple.com,0,0,2,0,2,0,Ninguno,HAM
2025-03-24 16:03:53,Actualización de políticas internas,getrichfast.info,0,0,1,0,2,0,Ninguno,HAM
2025-03-09 22:05:54,Horario de examen final,fakebank.cn,0,0,4,0,0,0,Ninguno,HAM
2025-08-30 03:04:55,Oferta limitada: préstamos inmediatos,microsoft.com,0,1,9,1,7,0,Ninguno,SPAM
2025-01-15 13:30:23,Reclama tu premio ahora,tesla.com,0,1,1,1,0,0,Navidad,SPAM
2025-01-15 06:38:25,¡Tu cuenta bancaria fue bloqueada!,gmx.com,0,1,21,0,4,0,Ninguno,SPAM
2024-11-24 03:15:58,Horario de examen final,freemoney.biz,0,0,3,0,2,0,Ninguno,HAM
2025-01-20 15:32:00,Cambio de horario en la clase,gmail.com,0,0,3,0,0,0,Ninguno,HAM
2025-02-28 03:15:00,Agenda de actividades institucionales,gmail.com,0,0,1,0,0,0,Ninguno,HAM
2025-01-17 05:56:18,Consigue pastillas milagrosas,getrichfast.info,1,0,34,0,9,1,Ninguno,SPAM
2025-01-19 12:56:13,Actualización de políticas internas,microsoft.com,0,0,3,0,0,0,Ninguno,HAM
2024-11-01 14:29:34,Cambio de horario en la clase,yahoo.com,0,0,5,0,0,0,Ninguno,HAM
2025-07-12 14:20:29,Confirmación de inscripción al curso,yahoo.com,0,0,2,0,2,0,Ninguno,HAM
2025-05-10 02:43:44,Invierte en criptomonedas ahora,hotmail.com,0,1,12,1,1,0,Black Friday,SPAM
2024-09-19 14:58:37,Tu tarjeta será desactivada pronto,lottery-win.org,0,0,8,0,3,1,Ninguno,SPAM
2024-10-03 03:55:23,Agenda de la reunión semanal,icloud.com,0,0,3,0,2,0,Ninguno,HAM
2025-04-14 19:12:15,¡Ganaste un iPhone gratis!,meta.com,1,1,11,1,8,0,Ninguno,SPAM
2024-11-05 19:12:03,Informe financiero del trimestre,gmx.com,0,0,1,0,2,0,Ninguno,HAM
2024-12-29 14:41:14,Horario de examen final,getrichfast.info,0,0,2,0,2,0,Ninguno,HAM
2025-06-12 20:00:01,Aumenta tus ingresos en una semana,tesla.com,1,1,40,1,2,1,Ninguno,SPAM
2025-03-15 23:18:05,Consigue pastillas milagrosas,prizescam.net,1,1,35,0,4,1,Ninguno,SPAM
2025-03-23 16:56:02,Click aquí para reclamar tu herencia,gmx.com,1,1,11,0,9,0,Black Friday,SPAM
2024-08-30 22:23:51,Invitación a conferencia académica,cheaploans.biz,0,0,3,0,1,0,Navidad,HAM
2025-06-22 20:11:52,Disponibilidad de sala para reunión,aol.com,0,0,5,0,2,0,Ninguno,HAM
2025-05-13 07:35:06,Oferta exclusiva solo hoy,zoho.com,0,1,12,0,8,0,Ninguno,SPAM
2024-12-07 09:15:39,Tu tarjeta será desactivada pronto,icloud.com,1,0,37,0,0,0,Ninguno,SPAM
2025-03-06 18:50:27,Última oportunidad para ganar,hotmail.com,1,0,22,1,6,1,Ninguno,SPAM
2024-12-25 17:38:39,Entrega de calificaciones,meta.com,0,0,5,0,2,0,San Valentín,HAM
2024-11-28 05:10:39,Cambio de horario en la clase,getrichfast.info,0,0,1,0,1,0,Ninguno,HAM
2025-07-13 13:42:47,Recordatorio de la clase de hoy,microsoft.com,0,0,5,0,0,0,Ninguno,HAM
2025-05-21 09:32:57,Informe financiero del trimestre,prizescam.net,0,0,4,0,0,0,Black Friday,HAM
2025-01-26 00:50:29,Aumenta tus ingresos en una semana,getrichfast.info,1,1,46,1,4,0,Ninguno,SPAM
2025-05-07 08:44:40,Tu tarjeta será desactivada pronto,yahoo.com,1,0,9,0,1,1,Ninguno,SPAM
2025-08-30 20:11:33,Aviso de mantenimiento programado,zoho.com,0,0,2,0,2,0,Año Nuevo,HAM
2025-07-19 12:36:16,Reclama tu premio ahora,cheaploans.biz,1,1,16,1,4,1,Ninguno,SPAM
2025-07-11 21:34:41,Consigue pastillas milagrosas,aol.com,1,0,27,0,10,0,Ninguno,SPAM
2025-03-02 19:56:42,Actualización de políticas internas,spamdomain.ru,0,0,3,0,1,0,Ninguno,HAM
2025-03-03 08:38:44,Invierte en criptomonedas ahora,yahoo.com,0,1,40,0,9,0,Ninguno,SPAM
2025-08-06 06:29:07,Trabajo desde casa y gana miles,prizescam.net,0,1,41,1,8,0,San Valentín,SPAM
2025-08-26 21:16:12,Agenda de actividades institucionales,apple.com,0,0,5,0,1,0,Ninguno,HAM
2025-01-13 03:33:39,Última oportunidad para ganar,protonmail.com,1,1,22,0,2,0,Ninguno,SPAM
2024-10-16 23:24:46,Última oportunidad para ganar,google.com,1,1,14,0,4,0,Ninguno,SPAM
2025-05-14 14:57:06,Aviso de mantenimiento programado,fakebank.cn,0,0,1,0,2,0,Ninguno,HAM
2025-08-04 01:39:57,Reclama tu premio ahora,click-now.cc,0,0,7,1,9,0,Año Nuevo,SPAM
2024-12-09 10:08:13,Última oportunidad para ganar,spamdomain.ru,1,0,27,1,5,0,Ninguno,SPAM
2024-10-06 08:52:15,Recordatorio de la clase de hoy,gmx.com,0,0,2,0,2,0,Black Friday,HAM
2025-07-20 05:07:40,Entrega del proyecto,prizescam.net,0,0,5,0,2,0,Año Nuevo,HAM
2024-12-02 05:17:20,Tu tarjeta será desactivada pronto,hotmail.com,1,1,45,0,3,1,Ninguno,SPAM
2025-08-24 04:34:22,Informe financiero del trimestre,protonmail.com,0,0,4,0,0,0,Ninguno,HAM
2025-03-12 01:16:44,Disponibilidad de sala para reunión,nasa.gov,0,0,2,0,1,0,Ninguno,HAM
2025-01-21 16:58:23,Viaja gratis con esta promoción,yahoo.com,1,1,18,1,5,0,Ninguno,SPAM
2024-09-09 12:46:26,Oferta limitada: préstamos inmediatos,click-now.cc,0,0,43,0,10,0,Año Nuevo,SPAM
2025-04-13 05:16:59,Reunión programada para mañana,fakebank.cn,0,0,1,0,2,0,Black Friday,HAM
2025-07-21 17:50:16,Reclama tu premio ahora,offersfree.tk,1,1,16,1,8,1,San Valentín,SPAM
2024-10-16 01:33:22,Trabajo desde casa y gana miles,amazon.com,1,1,18,0,7,0,Ninguno,SPAM
2024-10-24 05:13:30,Horario de examen final,outlook.com,0,0,1,0,2,0,Ninguno,HAM
2025-04-02 17:35:26,Viaja gratis con esta promoción,spamdomain.ru,0,0,48,1,3,0,Black Friday,SPAM
2025-07-23 05:28:46,Consigue pastillas milagrosas,meta.com,0,0,40,0,1,0,Ninguno,SPAM
2024-09-16 19:56:37,Descuento del 90% en relojes de lujo,gmx.com,1,1,49,1,10,1,Ninguno,SPAM
2024-11-11 01:15:29,Aviso de mantenimiento programado,gmail.com,0,0,3,0,2,0,Black Friday,HAM
2025-01-21 14:56:42,Aumenta tus ingresos en una semana,ibm.com,0,1,10,0,6,1,Ninguno,SPAM
2025-03-03 01:27:00,Reunión programada para mañana,gmail.com,0,0,3,0,2,0,Ninguno,HAM
2025-02-14 13:04:17,Agenda de la reunión semanal,meta.com,0,0,3,0,2,0,Ninguno,HAM
2025-03-21 20:28:52,Entrega del proyecto,amazon.com,0,0,2,0,0,0,Ninguno,HAM
2025-01-11 17:04:12,Informe mensual adjunto,google.com,0,0,3,0,0,0,Ninguno,HAM
2025-04-04 00:48:33,Reclama tu premio ahora,google.com,1,0,10,0,7,1,Ninguno,SPAM
2025-05-05 20:18:05,Consigue pastillas milagrosas,freemoney.biz,1,1,24,0,9,0,Ninguno,SPAM
2024-11-14 01:57:59,Cambio de horario en la clase,aol.com,0,0,5,0,2,0,Ninguno,HAM
2024-12-22 23:54:13,Agenda de actividades institucionales,apple.com,0,0,3,0,0,0,Ninguno,HAM
2025-05-08 08:20:21,¡Ganaste un iPhone gratis!,fakebank.cn,1,0,20,0,0,1,Ninguno,SPAM
2025-06-19 20:34:21,¡Ganaste un iPhone gratis!,aol.com,1,0,29,1,4,0,Ninguno,SPAM
2024-09-14 22:55:34,Tu tarjeta será desactivada pronto,meta.com,1,1,2,0,2,0,Navidad,SPAM
2025-06-15 03:37:57,Invierte en criptomonedas ahora,gmail.com,0,1,20,0,2,0,Ninguno,SPAM
2025-05-18 17:36:13,Entrega del proyecto,fakebank.cn,0,0,1,0,2,0,Ninguno,HAM
2024-10-29 14:54:12,Descuento del 90% en relojes de lujo,who.int,0,0,34,0,2,0,San Valentín,SPAM
2025-01-09 10:59:06,Cambio de horario en la clase,fakebank.cn,0,0,4,0,2,0,Ninguno,HAM
2024-09-13 18:58:55,Última oportunidad para ganar,google.com,1,1,32,1,6,0,Ninguno,SPAM
2024-11-05 12:14:08,Descuento del 90% en relojes de lujo,fakebank.cn,1,0,11,0,2,0,Ninguno,SPAM
2025-04-09 23:16:43,Reunión programada para mañana,ibm.com,0,0,5,0,1,0,Ninguno,HAM
2025-04-30 11:54:38,Agenda de la reunión semanal,outlook.com,0,0,1,0,1,0,Ninguno,HAM
2025-06-21 09:59:53,Trabajo desde casa y gana miles,spamdomain.ru,0,1,31,0,8,0,Ninguno,SPAM
2025-07-21 05:51:32,Reunión programada para mañana,lottery-win.org,0,0,1,0,2,0,Ninguno,HAM
2024-10-08 17:28:17,¡Ganaste un iPhone gratis!,yahoo.com,0,1,14,1,2,0,Ninguno,SPAM
2025-05-30 06:18:31,Invierte en criptomonedas ahora,tesla.com,1,0,21,0,4,0,Ninguno,SPAM
2024-11-14 21:02:39,Recordatorio de la clase de hoy,microsoft.com,0,0,4,0,2,0,Ninguno,HAM
2025-05-12 23:02:30,¡Tu cuenta bancaria fue bloqueada!,outlook.com,1,0,29,0,6,1,Ninguno,SPAM
2024-12-19 21:28:17,Informe financiero del trimestre,meta.com,0,0,1,0,2,0,Ninguno,HAM
2025-05-27 21:08:49,Disponibilidad de sala para reunión,getrichfast.info,0,0,3,0,2,0,Ninguno,HAM
2024-12-01 20:50:12,Informe mensual adjunto,getrichfast.info,0,0,4,0,1,0,Ninguno,HAM
2024-09-28 01:48:29,Entrega del proyecto,yahoo.com,0,0,3,0,1,0,Ninguno,HAM
2025-02-19 20:37:17,Invierte en criptomonedas ahora,getrichfast.info,0,0,20,1,9,1,Ninguno,SPAM
2025-08-17 17:05:42,Aumenta tus ingresos en una semana,prizescam.net,1,1,1,1,7,0,Ninguno,SPAM
2025-06-17 02:37:13,Invitación a conferencia académica,gmx.com,0,0,4,0,1,0,Ninguno,HAM
2025-04-02 18:51:27,Oferta exclusiva solo hoy,ibm.com,1,0,16,1,1,0,Ninguno,SPAM
2024-10-21 00:19:53,Agenda de la reunión semanal,tesla.com,0,0,1,0,1,0,Ninguno,HAM
2024-09-23 14:04:38,Última oportunidad para ganar,lottery-win.org,1,0,49,0,8,1,Ninguno,SPAM
2025-05-21 03:40:10,¡Ganaste un iPhone gratis!,zoho.com,0,0,27,1,3,0,Año Nuevo,SPAM
2024-11-21 04:44:20,Entrega de calificaciones,freemoney.biz,0,0,1,0,1,0,Ninguno,HAM
2025-01-06 21:08:40,Disponibilidad de sala para reunión,microsoft.com,0,0,2,0,0,0,Ninguno,HAM
2024-10-01 10:17:35,Horario de examen final,prizescam.net,0,0,3,0,0,0,Ninguno,HAM
2024-12-30 22:06:12,Agenda de actividades institucionales,hotmail.com,0,0,4,0,1,0,Ninguno,HAM
2025-07-18 21:11:02,¡Tu cuenta bancaria fue bloqueada!,protonmail.com,1,1,20,1,0,1,Ninguno,SPAM
2025-05-24 07:42:27,Disponibilidad de sala para reunión,click-now.cc,0,0,5,0,0,0,Ninguno,HAM
2025-05-01 18:57:07,Confirmación de inscripción al curso,cheaploans.biz,0,0,3,0,2,0,Ninguno,HAM
2025-08-26 17:03:58,Trabajo desde casa y gana miles,ibm.com,1,1,11,1,1,0,Ninguno,SPAM
2025-01-23 10:46:16,Cambio de horario en la clase,hotmail.com,0,0,5,0,2,0,Ninguno,HAM
2025-06-13 11:01:10,Reunión programada para mañana,who.int,0,0,5,0,0,0,Ninguno,HAM
2025-06-13 00:59:10,Cambio de horario en la clase,zoho.com,0,0,1,0,2,0,Black Friday,HAM
2024-12-03 10:38:59,Confirmación de inscripción al curso,gmx.com,0,0,4,0,0,0,Ninguno,HAM
2025-01-31 22:39:24,Consigue pastillas milagrosas,cheaploans.biz,0,0,41,1,10,0,Ninguno,SPAM
2025-06-08 10:21:01,Viaja gratis con esta promoción,nasa.gov,1,0,34,0,6,0,Ninguno,SPAM
2024-10-12 20:42:44,Click aquí para reclamar tu herencia,freemoney.biz,0,1,10,0,2,0,Ninguno,SPAM
2025-02-21 04:12:28,¡Ganaste un iPhone gratis!,getrichfast.info,1,0,33,0,3,0,Ninguno,SPAM
2025-04-12 12:37:46,Entrega del proyecto,hotmail.com,0,0,3,0,0,0,Ninguno,HAM
2024-12-28 11:10:00,Aumenta tus ingresos en una semana,ibm.com,1,0,47,1,8,0,Año Nuevo,SPAM
2025-01-31 06:49:18,Invierte en criptomonedas ahora,microsoft.com,0,0,17,1,4,0,Ninguno,SPAM
2024-11-16 03:00:29,Informe financiero del trimestre,icloud.com,0,0,2,0,1,0,Ninguno,HAM
2025-07-15 03:08:35,Agenda de la reunión semanal,zoho.com,0,0,2,0,1,0,Black Friday,HAM
2025-07-01 21:51:31,Recordatorio de la clase de hoy,protonmail.com,0,0,2,0,0,0,Ninguno,HAM
2025-07-24 14:33:16,Viaja gratis con esta promoción,freemoney.biz,0,0,17,0,3,0,Ninguno,SPAM
2025-04-02 04:23:12,Informe mensual adjunto,tesla.com,0,0,3,0,0,0,Black Friday,HAM
2025-05-06 08:01:50,Invierte en criptomonedas ahora,offersfree.tk,1,1,20,0,6,0,Ninguno,SPAM
2024-11-17 11:11:35,Entrega del proyecto,fakebank.cn,0,0,1,0,1,0,Ninguno,HAM
2025-01-06 15:38:55,Disponibilidad de sala para reunión,apple.com,0,0,3,0,0,0,Ninguno,HAM
2025-05-10 03:35:03,Confirmación de inscripción al curso,yahoo.com,0,0,3,0,2,0,Ninguno,HAM
2025-06-10 13:31:23,Última oportunidad para ganar,freemoney.biz,1,0,32,1,8,1,Ninguno,SPAM
2025-02-23 04:47:36,Invitación a conferencia académica,lottery-win.org,0,0,1,0,2,0,Ninguno,HAM
2024-11-16 21:36:30,Reclama tu premio ahora,outlook.com,1,0,41,0,8,0,Ninguno,SPAM
2024-12-31 12:46:41,Última oportunidad para ganar,icloud.com,1,0,28,1,1,0,Ninguno,SPAM
2025-06-06 20:00:48,Actualización de políticas internas,meta.com,0,0,2,0,0,0,Ninguno,HAM
2025-03-22 21:11:25,Agenda de actividades institucionales,nasa.gov,0,0,4,0,2,0,Ninguno,HAM
2025-05-31 13:31:57,Oferta exclusiva solo hoy,lottery-win.org,1,1,23,1,4,0,San Valentín,SPAM
2025-03-25 12:18:07,Oferta limitada: préstamos inmediatos,nasa.gov,1,1,47,0,6,0,Navidad,SPAM
2025-02-17 14:51:53,Invitación a conferencia académica,spamdomain.ru,0,0,4,0,1,0,Ninguno,HAM
2025-04-25 11:02:48,Entrega del proyecto,meta.com,0,0,3,0,2,0,Ninguno,HAM
2025-02-20 07:03:01,Oferta limitada: préstamos inmediatos,yahoo.com,1,1,3,1,0,0,Ninguno,SPAM
2025-02-08 07:47:54,Entrega de calificaciones,getrichfast.info,0,0,5,0,1,0,Ninguno,HAM
2024-12-15 06:15:50,Descuento del 90% en relojes de lujo,aol.com,0,1,29,0,5,0,Ninguno,SPAM
2025-04-06 18:08:04,Informe mensual adjunto,hotmail.com,0,0,2,0,0,0,Ninguno,HAM
2024-08-31 11:06:13,Agenda de actividades institucionales,prizescam.net,0,0,2,0,2,0,Ninguno,HAM
2025-07-03 18:51:15,¡Ganaste un iPhone gratis!,who.int,0,1,39,0,0,0,Ninguno,SPAM
2025-02-20 06:40:07,Informe mensual adjunto,apple.com,0,0,3,0,1,0,Black Friday,HAM
2025-01-04 15:08:46,Recordatorio de la clase de hoy,getrichfast.info,0,0,1,0,2,0,Ninguno,HAM
2025-04-13 12:45:44,Click aquí para reclamar tu herencia,tesla.com,0,0,23,0,2,1,Ninguno,SPAM
2025-01-12 19:07:01,Oferta exclusiva solo hoy,tesla.com,0,0,33,0,2,0,Ninguno,SPAM
2024-09-04 13:19:42,Descuento del 90% en relojes de lujo,cheaploans.biz,0,1,25,0,0,0,Ninguno,SPAM
2025-03-28 22:14:33,Consigue pastillas milagrosas,click-now.cc,0,1,44,0,0,0,Ninguno,SPAM
2024-10-21 00:58:02,Agenda de actividades institucionales,click-now.cc,0,0,1,0,1,0,Ninguno,HAM
2025-08-08 06:21:35,Recordatorio de la clase de hoy,prizescam.net,0,0,4,0,2,0,San Valentín,HAM
2025-02-12 22:24:55,Oferta exclusiva solo hoy,protonmail.com,0,1,43,1,8,0,Black Friday,SPAM
2025-06-09 10:11:26,Informe financiero del trimestre,prizescam.net,0,0,3,0,0,0,Black Friday,HAM
2025-04-10 11:35:49,Entrega del proyecto,spamdomain.ru,0,0,2,0,2,0,Año Nuevo,HAM
2025-05-19 11:19:01,Oferta exclusiva solo hoy,gmail.com,1,0,31,1,10,0,Ninguno,SPAM
2024-11-04 17:20:43,Click aquí para reclamar tu herencia,offersfree.tk,1,1,6,1,3,0,Ninguno,SPAM
2024-12-14 12:32:28,Reclama tu premio ahora,microsoft.com,0,1,6,0,7,1,Ninguno,SPAM
2024-11-25 14:51:30,Agenda de la reunión semanal,microsoft.com,0,0,5,0,2,0,Ninguno,HAM
2025-04-16 09:59:16,Recordatorio de la clase de hoy,protonmail.com,0,0,2,0,0,0,Navidad,HAM
2025-05-09 04:19:20,¡Ganaste un iPhone gratis!,gmail.com,1,1,34,1,0,0,Ninguno,SPAM
2024-11-24 03:23:00,Cambio de horario en la clase,apple.com,0,0,4,0,1,0,Ninguno,HAM
2024-11-30 02:56:05,¡Tu cuenta bancaria fue bloqueada!,lottery-win.org,1,0,26,0,2,0,Ninguno,SPAM
2025-04-12 15:29:48,Rebajas extremas en Black Friday,nasa.gov,1,0,21,0,5,0,Ninguno,SPAM
2024-10-04 03:05:49,Confirmación de inscripción al curso,who.int,0,0,2,0,1,0,Año Nuevo,HAM
2025-01-15 08:44:08,Trabajo desde casa y gana miles,tesla.com,1,0,28,1,8,0,Ninguno,SPAM
2024-10-16 05:54:37,Disponibilidad de sala para reunión,ibm.com,0,0,4,0,1,0,Año Nuevo,HAM
2025-07-10 13:47:29,Oferta exclusiva solo hoy,meta.com,1,1,6,0,5,0,Black Friday,SPAM
2025-02-20 06:43:12,Aviso de mantenimiento programado,who.int,0,0,2,0,1,0,Ninguno,HAM
2024-10-19 11:12:42,Última oportunidad para ganar,google.com,1,0,40,1,9,1,Ninguno,SPAM
2025-05-10 10:34:43,Informe financiero del trimestre,getrichfast.info,0,0,5,0,2,0,San Valentín,HAM
2025-06-27 00:15:55,Rebajas extremas en Black Friday,yahoo.com,1,1,32,0,8,0,Ninguno,SPAM
2025-08-04 00:31:21,¡Tu cuenta bancaria fue bloqueada!,microsoft.com,1,1,31,0,4,0,Ninguno,SPAM
2025-05-04 16:44:23,Trabajo desde casa y gana miles,zoho.com,0,1,17,0,7,0,Ninguno,SPAM
2025-06-11 06:32:20,Invierte en criptomonedas ahora,aol.com,0,0,2,0,8,0,Ninguno,SPAM
2024-12-30 15:49:27,Informe mensual adjunto,aol.com,0,0,2,0,1,0,Ninguno,HAM
2024-11-26 19:54:34,Última oportunidad para ganar,amazon.com,1,0,3,1,9,1,Ninguno,SPAM
2025-01-23 10:15:38,Descuento del 90% en relojes de lujo,offersfree.tk,1,0,31,1,2,0,Ninguno,SPAM
2025-05-16 10:51:40,Aviso de mantenimiento programado,gmx.com,0,0,2,0,0,0,Ninguno,HAM
2024-10-14 03:28:03,Entrega del proyecto,gmail.com,0,0,5,0,0,0,Ninguno,HAM
2025-02-17 00:30:16,Aviso de mantenimiento programado,protonmail.com,0,0,5,0,1,0,Ninguno,HAM
2025-05-09 00:14:33,Viaja gratis con esta promoción,hotmail.com,0,1,2,0,8,0,Ninguno,SPAM
2025-04-12 09:20:31,Descuento del 90% en relojes de lujo,amazon.com,0,1,24,1,9,0,Ninguno,SPAM
2024-12-12 15:42:10,Recordatorio de la clase de hoy,lottery-win.org,0,0,3,0,1,0,Ninguno,HAM
2025-02-01 00:38:40,¡Tu cuenta bancaria fue bloqueada!,apple.com,1,0,30,0,10,1,Ninguno,SPAM
2025-03-03 09:43:49,Cambio de horario en la clase,google.com,0,0,1,0,0,0,Ninguno,HAM
2025-04-30 17:53:37,Reunión programada para mañana,click-now.cc,0,0,5,0,2,0,Ninguno,HAM
2025-05-20 07:25:05,Viaja gratis con esta promoción,yahoo.com,1,1,33,0,10,0,Ninguno,SPAM
2025-05-06 00:45:28,¡Tu cuenta bancaria fue bloqueada!,lottery-win.org,0,1,40,0,6,0,Año Nuevo,SPAM
2024-12-24 20:56:27,Cambio de horario en la clase,offersfree.tk,0,0,4,0,1,0,San Valentín,HAM
2025-04-29 22:08:31,Viaja gratis con esta promoción,cheaploans.biz,0,1,26,1,9,0,Año Nuevo,SPAM
2025-05-05 02:17:28,Rebajas extremas en Black Friday,prizescam.net,1,1,32,0,9,0,Año Nuevo,SPAM
2024-12-29 06:48:44,Informe financiero del trimestre,meta.com,0,0,3,0,1,0,Ninguno,HAM
2024-11-25 15:55:43,Oferta limitada: préstamos inmediatos,gmail.com,1,0,18,1,3,0,Black Friday,SPAM
2025-07-05 17:56:29,Entrega del proyecto,protonmail.com,0,0,5,0,2,0,Ninguno,HAM
2024-09-18 00:09:30,¡Ganaste un iPhone gratis!,microsoft.com,1,1,41,0,8,0,Año Nuevo,SPAM
2024-11-12 13:09:04,Viaja gratis con esta promoción,getrichfast.info,0,0,10,1,1,0,Ninguno,SPAM
2024-09-25 11:19:50,Descuento del 90% en relojes de lujo,spamdomain.ru,1,1,37,0,9,0,Ninguno,SPAM
2025-05-25 21:28:31,Oferta exclusiva solo hoy,yahoo.com,1,1,30,0,6,1,Ninguno,SPAM
2025-07-22 00:03:58,Aumenta tus ingresos en una semana,aol.com,1,0,25,0,6,1,Ninguno,SPAM
2025-03-22 07:44:15,Agenda de actividades institucionales,meta.com,0,0,3,0,1,0,Ninguno,HAM
2024-12-25 02:57:56,Oferta limitada: préstamos inmediatos,who.int,0,0,16,1,5,0,Ninguno,SPAM
2024-10-05 23:26:23,Disponibilidad de sala para reunión,apple.com,0,0,3,0,2,0,Ninguno,HAM
2025-06-23 08:20:34,Oferta limitada: préstamos inmediatos,nasa.gov,1,0,26,0,3,0,Ninguno,SPAM
2025-05-09 22:12:26,Invitación a conferencia académica,nasa.gov,0,0,1,0,1,0,Ninguno,HAM
2024-10-31 06:19:58,Informe mensual adjunto,outlook.com,0,0,1,0,0,0,Ninguno,HAM
2025-06-26 01:51:31,¡Ganaste un iPhone gratis!,freemoney.biz,0,0,50,0,6,0,Navidad,SPAM
2025-07-31 03:17:14,Tu tarjeta será desactivada pronto,google.com,0,0,5,0,10,0,Ninguno,SPAM
2024-10-18 16:18:20,Viaja gratis con esta promoción,tesla.com,1,0,37,1,4,1,Año Nuevo,SPAM
2025-06-06 09:58:49,Viaja gratis con esta promoción,prizescam.net,1,1,15,1,10,1,Ninguno,SPAM
2025-03-15 03:44:42,Tu tarjeta será desactivada pronto,hotmail.com,0,1,43,0,1,1,Ninguno,SPAM
2025-08-23 22:05:21,¡Tu cuenta bancaria fue bloqueada!,prizescam.net,1,0,23,1,7,1,Ninguno,SPAM
2025-03-31 13:16:22,Click aquí para reclamar tu herencia,fakebank.cn,1,0,38,1,7,0,San Valentín,SPAM
2025-03-25 20:46:01,Entrega del proyecto,zoho.com,0,0,1,0,0,0,Ninguno,HAM
2024-10-22 08:44:25,Última oportunidad para ganar,fakebank.cn,0,1,10,1,7,0,Ninguno,SPAM
2025-04-14 13:58:44,Horario de examen final,outlook.com,0,0,4,0,0,0,Black Friday,HAM
2024-09-18 15:30:17,Oferta limitada: préstamos inmediatos,tesla.com,1,1,16,0,5,0,Ninguno,SPAM
2025-04-17 15:30:22,Entrega de calificaciones,gmail.com,0,0,1,0,0,0,Ninguno,HAM
2025-07-27 17:07:54,Informe mensual adjunto,gmail.com,0,0,4,0,1,0,Año Nuevo,HAM
2024-09-24 08:50:34,Horario de examen final,aol.com,0,0,1,0,0,0,Ninguno,HAM
2025-08-28 09:55:00,Disponibilidad de sala para reunión,gmx.com,0,0,5,0,2,0,Ninguno,HAM
2025-07-21 00:12:24,Confirmación de inscripción al curso,prizescam.net,0,0,5,0,0,0,Año Nuevo,HAM
2024-11-26 14:12:23,Entrega del proyecto,cheaploans.biz,0,0,4,0,2,0,Ninguno,HAM
2024-11-15 09:11:53,Horario de examen final,who.int,0,0,2,0,2,0,Ninguno,HAM
2024-12-07 06:48:41,Disponibilidad de sala para reunión,prizescam.net,0,0,2,0,1,0,Ninguno,HAM
2025-05-30 03:15:58,Informe mensual adjunto,getrichfast.info,0,0,5,0,0,0,Ninguno,HAM
2025-08-27 12:19:10,Aumenta tus ingresos en una semana,click-now.cc,0,1,30,1,6,1,Ninguno,SPAM
2024-10-18 23:31:18,Actualización de políticas internas,apple.com,0,0,5,0,1,0,Ninguno,HAM
2025-01-14 12:14:44,Cambio de horario en la clase,zoho.com,0,0,5,0,0,0,Ninguno,HAM
2025-06-05 20:39:49,¡Ganaste un iPhone gratis!,lottery-win.org,1,0,36,0,4,0,Año Nuevo,SPAM
2025-07-03 12:44:35,Consigue pastillas milagrosas,meta.com,0,1,15,0,0,1,Ninguno,SPAM
2025-05-17 23:21:28,Entrega de calificaciones,gmail.com,0,0,5,0,1,0,Ninguno,HAM
2024-09-24 22:52:32,Click aquí para reclamar tu herencia,spamdomain.ru,0,1,23,0,1,1,Ninguno,SPAM
2025-04-25 23:01:48,Informe financiero del trimestre,fakebank.cn,0,0,5,0,0,0,Ninguno,HAM
2024-09-19 14:53:12,Rebajas extremas en Black Friday,apple.com,0,1,41,0,10,0,Ninguno,SPAM
2025-02-04 03:41:40,Reclama tu premio ahora,aol.com,1,1,42,0,9,1,Ninguno,SPAM
2025-08-29 19:49:05,Confirmación de inscripción al curso,who.int,0,0,4,0,0,0,Ninguno,HAM
2025-08-30 20:02:37,Rebajas extremas en Black Friday,freemoney.biz,1,1,22,0,7,0,Ninguno,SPAM
2025-08-10 20:41:46,Horario de examen final,outlook.com,0,0,5,0,2,0,Ninguno,HAM
2025-01-31 15:50:03,Última oportunidad para ganar,offersfree.tk,1,0,28,1,4,0,Ninguno,SPAM
2024-11-13 23:27:54,Viaja gratis con esta promoción,tesla.com,1,0,2,0,10,0,Ninguno,SPAM
2025-03-25 17:27:46,Recordatorio de la clase de hoy,nasa.gov,0,0,3,0,1,0,Ninguno,HAM
2025-08-14 05:10:48,Actualización de políticas internas,outlook.com,0,0,2,0,1,0,Ninguno,HAM
2024-10-13 07:24:27,Informe financiero del trimestre,tesla.com,0,0,4,0,2,0,Ninguno,HAM
2025-06-22 23:41:26,Confirmación de inscripción al curso,apple.com,0,0,3,0,2,0,Ninguno,HAM
2025-04-24 19:23:21,Agenda de actividades institucionales,gmx.com,0,0,5,0,1,0,Ninguno,HAM
2024-09-23 19:04:36,Informe mensual adjunto,google.com,0,0,5,0,0,0,Ninguno,HAM
2025-06-18 06:47:44,¡Ganaste un iPhone gratis!,freemoney.biz,0,1,28,0,2,0,Ninguno,SPAM
2024-09-19 16:19:26,Última oportunidad para ganar,protonmail.com,0,0,20,0,3,0,Black Friday,SPAM
2025-04-16 01:42:43,Invitación a conferencia académica,aol.com,0,0,3,0,1,0,Ninguno,HAM
2024-11-10 11:15:34,Disponibilidad de sala para reunión,ibm.com,0,0,5,0,0,0,San Valentín,HAM
2024-10-26 23:57:05,Cambio de horario en la clase,cheaploans.biz,0,0,5,0,0,0,Ninguno,HAM
2024-11-02 03:23:35,Consigue pastillas milagrosas,gmail.com,0,1,9,1,2,0,Black Friday,SPAM
2025-07-30 10:14:44,Entrega de calificaciones,fakebank.cn,0,0,1,0,0,0,Año Nuevo,HAM
2024-12-01 13:18:59,Entrega de calificaciones,cheaploans.biz,0,0,5,0,2,0,Ninguno,HAM
2025-05-09 08:06:12,Agenda de la reunión semanal,freemoney.biz,0,0,5,0,2,0,Ninguno,HAM
2025-02-08 05:14:34,Invierte en criptomonedas ahora,microsoft.com,1,0,1,1,6,0,San Valentín,SPAM
2025-06-20 12:43:28,¡Tu cuenta bancaria fue bloqueada!,cheaploans.biz,0,1,32,0,9,0,Ninguno,SPAM
2024-09-18 10:55:11,Oferta exclusiva solo hoy,spamdomain.ru,1,0,28,1,8,0,Año Nuevo,SPAM
2024-09-26 18:58:48,Última oportunidad para ganar,gmail.com,1,0,40,0,6,0,Navidad,SPAM
2025-03-22 03:24:12,Recordatorio de la clase de hoy,nasa.gov,0,0,3,0,0,0,Ninguno,HAM
2025-04-08 13:50:17,Informe financiero del trimestre,hotmail.com,0,0,2,0,1,0,Ninguno,HAM
2025-07-04 02:52:41,Última oportunidad para ganar,who.int,0,0,8,1,9,1,Navidad,SPAM
2025-08-05 22:09:49,Horario de examen final,who.int,0,0,3,0,1,0,Ninguno,HAM
2025-04-28 02:57:13,Tu tarjeta será desactivada pronto,aol.com,0,1,37,0,6,0,Ninguno,SPAM
2025-06-16 13:26:49,Rebajas extremas en Black Friday,who.int,0,0,40,0,8,1,Ninguno,SPAM
2025-08-02 22:53:47,Trabajo desde casa y gana miles,nasa.gov,1,0,12,0,7,0,Ninguno,SPAM
2024-12-24 21:38:26,Última oportunidad para ganar,gmail.com,0,0,35,0,1,1,Ninguno,SPAM
2025-05-16 15:47:06,Oferta limitada: préstamos inmediatos,protonmail.com,1,0,32,1,9,1,Ninguno,SPAM
2024-10-02 08:00:58,Recordatorio de la clase de hoy,meta.com,0,0,2,0,1,0,Ninguno,HAM
2024-10-13 10:23:30,Oferta limitada: préstamos inmediatos,prizescam.net,0,0,2,0,4,1,Ninguno,SPAM
2024-12-23 03:36:10,Entrega del proyecto,google.com,0,0,2,0,2,0,Ninguno,HAM
2025-03-25 00:28:31,Actualización de políticas internas,getrichfast.info,0,0,5,0,1,0,Ninguno,HAM
2024-10-18 13:16:30,Oferta exclusiva solo hoy,prizescam.net,0,0,8,1,3,0,Ninguno,SPAM
2025-01-01 21:54:46,Click aquí para reclamar tu herencia,nasa.gov,0,1,2,1,1,0,Ninguno,SPAM
2025-07-13 05:54:09,Informe mensual adjunto,outlook.com,0,0,2,0,1,0,Ninguno,HAM
2024-09-16 20:11:44,Rebajas extremas en Black Friday,spamdomain.ru,1,1,20,0,10,0,Black Friday,SPAM
2025-07-10 08:46:29,Horario de examen final,nasa.gov,0,0,4,0,0,0,Ninguno,HAM
2025-06-02 08:57:06,Reclama tu premio ahora,aol.com,0,0,5,0,8,0,Navidad,SPAM
2025-07-05 17:47:42,Reclama tu premio ahora,google.com,0,0,23,1,0,0,Ninguno,SPAM
2025-08-07 08:30:15,Disponibilidad de sala para reunión,ibm.com,0,0,1,0,2,0,Ninguno,HAM
2024-09-30 05:28:14,Descuento del 90% en relojes de lujo,prizescam.net,1,1,29,0,3,1,Ninguno,SPAM
2024-12-23 12:38:25,Entrega del proyecto,google.com,0,0,4,0,1,0,Ninguno,HAM
2024-10-25 03:39:55,Entrega de calificaciones,offersfree.tk,0,0,5,0,0,0,Black Friday,HAM
2025-01-07 08:43:30,¡Ganaste un iPhone gratis!,freemoney.biz,0,0,49,0,0,0,Año Nuevo,SPAM
2024-09-13 04:05:12,Última oportunidad para ganar,microsoft.com,1,0,50,0,10,1,Ninguno,SPAM
2024-12-09 23:47:36,Actualización de políticas internas,microsoft.com,0,0,2,0,0,0,San Valentín,HAM
2024-09-16 19:15:33,Recordatorio de la clase de hoy,getrichfast.info,0,0,5,0,2,0,Ninguno,HAM
2024-12-04 23:55:31,Click aquí para reclamar tu herencia,nasa.gov,1,1,38,0,2,0,Ninguno,SPAM
2024-09-24 17:29:11,Invierte en criptomonedas ahora,click-now.cc,0,1,38,0,1,0,Navidad,SPAM
2025-01-31 18:33:21,¡Tu cuenta bancaria fue bloqueada!,spamdomain.ru,1,1,4,0,4,0,Ninguno,SPAM
2025-02-21 12:27:51,Cambio de horario en la clase,protonmail.com,0,0,1,0,2,0,Ninguno,HAM
2024-11-16 23:42:39,Reclama tu premio ahora,apple.com,1,0,49,1,5,0,Ninguno,SPAM
2025-06-21 16:16:46,Consigue pastillas milagrosas,microsoft.com,1,1,37,1,4,1,Ninguno,SPAM
2025-06-03 23:22:21,Oferta exclusiva solo hoy,who.int,0,0,27,0,10,0,Ninguno,SPAM
2024-09-29 07:05:07,Trabajo desde casa y gana miles,lottery-win.org,1,1,49,1,6,0,Ninguno,SPAM
2024-12-31 07:00:16,Consigue pastillas milagrosas,spamdomain.ru,1,0,50,1,8,0,Ninguno,SPAM
2025-08-31 07:07:24,Oferta limitada: préstamos inmediatos,freemoney.biz,0,1,2,0,10,0,Navidad,SPAM
2025-04-12 05:51:49,Consigue pastillas milagrosas,freemoney.biz,0,0,45,0,1,0,San Valentín,SPAM
2024-09-09 01:57:52,Entrega del proyecto,icloud.com,0,0,5,0,0,0,Ninguno,HAM
2025-06-03 18:44:35,Confirmación de inscripción al curso,zoho.com,0,0,3,0,1,0,Ninguno,HAM
2025-03-17 20:49:59,Aviso de mantenimiento programado,meta.com,0,0,1,0,2,0,Ninguno,HAM
2024-10-28 19:40:52,Informe mensual adjunto,fakebank.cn,0,0,5,0,2,0,Ninguno,HAM
2025-07-15 05:12:42,Invierte en criptomonedas ahora,ibm.com,0,0,18,0,1,1,Ninguno,SPAM
2025-01-25 16:33:59,Reunión programada para mañana,apple.com,0,0,1,0,0,0,Ninguno,HAM
2025-03-28 17:51:27,Consigue pastillas milagrosas,spamdomain.ru,1,0,35,1,1,0,Ninguno,SPAM
2025-08-16 02:00:31,Confirmación de inscripción al curso,spamdomain.ru,0,0,2,0,2,0,Ninguno,HAM
2025-01-20 06:17:07,Viaja gratis con esta promoción,freemoney.biz,1,0,44,0,4,0,Ninguno,SPAM
2024-12-28 08:54:55,Tu tarjeta será desactivada pronto,spamdomain.ru,1,0,13,0,2,1,Ninguno,SPAM
2025-07-22 11:03:55,Última oportunidad para ganar,yahoo.com,0,0,25,1,6,0,Ninguno,SPAM
2024-11-19 09:16:14,Rebajas extremas en Black Friday,offersfree.tk,0,0,23,1,1,0,Ninguno,SPAM
2024-10-02 06:50:14,Tu tarjeta será desactivada pronto,freemoney.biz,1,1,15,0,6,0,Ninguno,SPAM
2024-10-29 03:53:44,Informe mensual adjunto,click-now.cc,0,0,5,0,2,0,Ninguno,HAM
2025-05-17 13:11:38,¡Ganaste un iPhone gratis!,click-now.cc,1,0,46,0,7,0,Ninguno,SPAM
2024-09-24 07:45:41,Informe mensual adjunto,google.com,0,0,5,0,2,0,Ninguno,HAM
2025-05-30 11:20:52,Agenda de actividades institucionales,yahoo.com,0,0,2,0,2,0,Black Friday,HAM
2025-07-19 16:33:38,Viaja gratis con esta promoción,meta.com,1,0,11,1,10,0,Ninguno,SPAM
2025-04-10 21:50:40,Reclama tu premio ahora,nasa.gov,1,1,4,0,1,0,Ninguno,SPAM
2025-04-09 14:48:11,Actualización de políticas internas,who.int,0,0,2,0,0,0,Ninguno,HAM
2025-01-25 07:50:05,Agenda de actividades institucionales,outlook.com,0,0,2,0,0,0,Ninguno,HAM
2025-03-02 23:56:56,Informe financiero del trimestre,nasa.gov,0,0,3,0,0,0,Ninguno,HAM
2024-11-23 09:40:51,Informe financiero del trimestre,spamdomain.ru,0,0,3,0,0,0,Ninguno,HAM
2025-04-22 12:12:07,¡Tu cuenta bancaria fue bloqueada!,who.int,1,0,33,0,1,1,Ninguno,SPAM
2025-03-27 20:47:53,Agenda de actividades institucionales,spamdomain.ru,0,0,1,0,1,0,Ninguno,HAM
2024-11-28 16:58:36,Reunión programada para mañana,ibm.com,0,0,3,0,1,0,Ninguno,HAM
2025-08-01 13:41:52,Informe financiero del trimestre,click-now.cc,0,0,5,0,2,0,Ninguno,HAM
2024-09-29 17:30:17,Agenda de actividades institucionales,zoho.com,0,0,3,0,1,0,Ninguno,HAM
2024-12-12 15:34:17,Viaja gratis con esta promoción,google.com,1,1,48,0,6,0,Ninguno,SPAM
2025-01-20 03:46:05,Disponibilidad de sala para reunión,getrichfast.info,0,0,3,0,1,0,Ninguno,HAM
2025-03-19 16:14:10,Entrega de calificaciones,nasa.gov,0,0,3,0,1,0,Ninguno,HAM
2025-06-18 20:09:59,Aumenta tus ingresos en una semana,getrichfast.info,1,0,44,0,2,0,Ninguno,SPAM
2025-02-12 07:27:35,Cambio de horario en la clase,fakebank.cn,0,0,3,0,1,0,Ninguno,HAM
2024-12-12 16:35:32,Consigue pastillas milagrosas,offersfree.tk,1,0,46,1,2,0,Black Friday,SPAM
2025-04-08 11:32:31,Recordatorio de la clase de hoy,apple.com,0,0,1,0,1,0,Ninguno,HAM
2025-02-15 16:38:39,Aviso de mantenimiento programado,hotmail.com,0,0,3,0,0,0,Ninguno,HAM
2025-01-01 07:17:44,Disponibilidad de sala para reunión,protonmail.com,0,0,5,0,0,0,Ninguno,HAM
2025-02-19 15:30:33,Agenda de actividades institucionales,icloud.com,0,0,2,0,0,0,Ninguno,HAM
2025-06-28 19:27:55,Entrega de calificaciones,zoho.com,0,0,5,0,2,0,Ninguno,HAM
2025-05-22 22:16:28,Tu tarjeta será desactivada pronto,microsoft.com,1,0,18,1,1,0,Ninguno,SPAM
2025-07-24 10:36:04,Invitación a conferencia académica,click-now.cc,0,0,4,0,2,0,San Valentín,HAM
2024-10-21 14:14:30,Reunión programada para mañana,nasa.gov,0,0,4,0,1,0,Ninguno,HAM
2024-09-29 04:06:02,Agenda de actividades institucionales,gmx.com,0,0,4,0,0,0,Ninguno,HAM
2025-07-28 05:52:40,Aumenta tus ingresos en una semana,apple.com,1,1,1,1,5,0,Ninguno,SPAM
2025-04-04 20:31:17,Tu tarjeta será desactivada pronto,outlook.com,1,0,8,0,1,0,Ninguno,SPAM
2025-07-24 22:07:01,Oferta limitada: préstamos inmediatos,gmx.com,1,1,31,0,2,0,Ninguno,SPAM
2024-10-03 13:37:41,¡Ganaste un iPhone gratis!,cheaploans.biz,0,1,33,1,1,0,Ninguno,SPAM
2025-01-27 21:49:22,Confirmación de inscripción al curso,prizescam.net,0,0,4,0,2,0,Ninguno,HAM
2025-08-16 19:56:53,Rebajas extremas en Black Friday,aol.com,0,0,13,1,9,0,San Valentín,SPAM
2025-07-20 21:15:52,Invierte en criptomonedas ahora,icloud.com,0,0,1,0,6,1,Ninguno,SPAM
2025-05-07 02:31:30,Reclama tu premio ahora,freemoney.biz,1,1,4,1,8,0,Ninguno,SPAM
2024-11-24 18:58:12,Rebajas extremas en Black Friday,protonmail.com,0,1,21,1,6,0,Ninguno,SPAM
2024-12-15 04:54:44,Entrega del proyecto,apple.com,0,0,1,0,1,0,San Valentín,HAM
2025-07-14 09:13:51,Disponibilidad de sala para reunión,apple.com,0,0,2,0,2,0,San Valentín,HAM
2024-09-29 10:55:48,Entrega del proyecto,aol.com,0,0,4,0,2,0,Ninguno,HAM
2025-04-03 03:09:44,Trabajo desde casa y gana miles,click-now.cc,1,1,15,0,0,1,Navidad,SPAM
2024-09-16 09:12:01,Aumenta tus ingresos en una semana,amazon.com,1,1,4,1,2,0,Ninguno,SPAM
2025-02-05 15:44:24,Agenda de la reunión semanal,nasa.gov,0,0,1,0,2,0,Año Nuevo,HAM
2024-10-22 22:13:46,Horario de examen final,spamdomain.ru,0,0,3,0,0,0,Ninguno,HAM
2024-10-31 20:38:53,Invierte en criptomonedas ahora,prizescam.net,0,1,7,0,3,1,Ninguno,SPAM
2025-02-20 21:53:36,Reclama tu premio ahora,spamdomain.ru,1,0,33,1,4,0,Ninguno,SPAM
2025-06-09 17:23:20,Descuento del 90% en relojes de lujo,freemoney.biz,0,1,47,0,6,0,Ninguno,SPAM
2024-09-16 01:51:10,Trabajo desde casa y gana miles,yahoo.com,1,0,18,0,10,0,Ninguno,SPAM
2025-04-07 04:44:22,Trabajo desde casa y gana miles,freemoney.biz,1,0,20,0,9,0,Black Friday,SPAM
2025-04-09 10:40:23,Invitación a conferencia académica,offersfree.tk,0,0,1,0,1,0,Ninguno,HAM
2025-03-31 03:46:33,Actualización de políticas internas,gmail.com,0,0,3,0,2,0,Ninguno,HAM
2025-07-17 17:06:08,¡Tu cuenta bancaria fue bloqueada!,outlook.com,0,1,26,0,3,0,Black Friday,SPAM
2024-11-18 21:25:05,Viaja gratis con esta promoción,protonmail.com,1,0,15,0,2,1,Ninguno,SPAM
2025-08-09 05:10:24,Agenda de la reunión semanal,lottery-win.org,0,0,1,0,0,0,Ninguno,HAM
2025-01-02 09:11:34,Entrega del proyecto,aol.com,0,0,2,0,1,0,Ninguno,HAM
2024-08-31 08:27:25,Invierte en criptomonedas ahora,getrichfast.info,1,1,32,1,9,0,Ninguno,SPAM
2024-10-22 08:47:23,Oferta limitada: préstamos inmediatos,zoho.com,1,1,21,1,2,0,Ninguno,SPAM
2024-10-20 19:05:37,Confirmación de inscripción al curso,icloud.com,0,0,1,0,2,0,Ninguno,HAM
2024-10-02 22:20:03,Invierte en criptomonedas ahora,microsoft.com,1,0,2,1,10,0,Black Friday,SPAM
2024-09-13 03:29:41,Tu tarjeta será desactivada pronto,aol.com,0,0,1,0,4,0,Ninguno,SPAM
2024-09-06 21:26:58,Aviso de mantenimiento programado,cheaploans.biz,0,0,3,0,2,0,Ninguno,HAM
2025-08-09 05:24:33,¡Ganaste un iPhone gratis!,yahoo.com,1,0,32,0,9,0,Ninguno,SPAM
2024-08-30 21:23:15,Oferta exclusiva solo hoy,fakebank.cn,0,0,20,1,0,0,Ninguno,SPAM
2025-06-27 09:02:42,Cambio de horario en la clase,aol.com,0,0,2,0,1,0,Ninguno,HAM
2025-06-23 06:17:17,Invitación a conferencia académica,getrichfast.info,0,0,2,0,2,0,San Valentín,HAM
2024-10-17 15:48:39,Oferta exclusiva solo hoy,prizescam.net,0,1,11,0,9,1,Ninguno,SPAM
2025-03-22 13:52:34,Invitación a conferencia académica,meta.com,0,0,2,0,1,0,Ninguno,HAM
2025-05-29 11:46:03,Actualización de políticas internas,getrichfast.info,0,0,4,0,0,0,Ninguno,HAM
2025-06-22 23:18:13,Rebajas extremas en Black Friday,outlook.com,0,1,49,1,7,0,Ninguno,SPAM
2025-04-20 04:44:36,Click aquí para reclamar tu herencia,microsoft.com,1,0,20,1,2,1,Navidad,SPAM
2024-10-14 07:01:49,Consigue pastillas milagrosas,aol.com,1,0,38,1,4,0,Ninguno,SPAM
2025-02-24 10:36:56,Agenda de actividades institucionales,prizescam.net,0,0,4,0,2,0,Ninguno,HAM
2025-07-30 03:04:53,Horario de examen final,meta.com,0,0,4,0,0,0,San Valentín,HAM
2024-09-19 14:50:11,Viaja gratis con esta promoción,spamdomain.ru,0,1,42,0,9,1,Ninguno,SPAM
2025-06-25 08:46:43,Rebajas extremas en Black Friday,prizescam.net,0,1,1,0,5,0,Ninguno,SPAM
2025-07-01 01:44:26,Entrega del proyecto,yahoo.com,0,0,1,0,0,0,Ninguno,HAM
2024-12-29 19:10:55,Invitación a conferencia académica,aol.com,0,0,3,0,2,0,Ninguno,HAM
2025-07-04 18:31:37,Viaja gratis con esta promoción,spamdomain.ru,1,0,18,0,4,1,Ninguno,SPAM
2025-01-23 15:26:25,Última oportunidad para ganar,who.int,0,0,42,0,5,0,Ninguno,SPAM
2025-03-11 07:42:46,Última oportunidad para ganar,tesla.com,0,0,22,1,4,0,Ninguno,SPAM
2024-10-23 06:17:28,Viaja gratis con esta promoción,google.com,0,1,11,0,3,0,Ninguno,SPAM
2025-05-05 17:06:22,Consigue pastillas milagrosas,spamdomain.ru,1,1,26,1,7,0,Ninguno,SPAM
2025-06-03 20:38:15,Tu tarjeta será desactivada pronto,tesla.com,0,0,2,0,5,0,Ninguno,SPAM
2024-10-16 03:10:20,Reclama tu premio ahora,zoho.com,1,1,34,1,3,0,Ninguno,SPAM
